audio,script
1_01.wav,
1_02.wav,
1_03.wav,
1_04.wav,
1_05.wav,
1_06.wav,
1_07.wav,
1_08.wav,
1_09.wav,
1_010.wav,
1_011.wav,
1_012.wav,
1_013.wav,
1_014.wav,
1_015.wav,
1_016.wav,
1_017.wav,
1_018.wav,
1_019.wav,
1_020.wav,
1_021.wav,
1_022.wav,
1_023.wav,
1_024.wav,
1_025.wav,
2_01.wav,
2_02.wav,
2_03.wav,
2_04.wav,
2_05.wav,
2_06.wav,
2_07.wav,
2_08.wav,
2_09.wav,
2_010.wav,
2_011.wav,
2_012.wav,
2_013.wav,
3_01.wav,
3_02.wav,
3_03.wav,
3_04.wav,
3_05.wav,
3_06.wav,
3_07.wav,
3_08.wav,
3_09.wav,
3_010.wav,
3_011.wav,
3_012.wav,
3_013.wav,
3_014.wav,
3_015.wav,
3_016.wav,
3_017.wav,
3_018.wav,
3_019.wav,
3_020.wav,
3_021.wav,
3_022.wav,
3_023.wav,
3_024.wav,
3_025.wav,
4_01.wav,
4_02.wav,
4_03.wav,
4_04.wav,
4_05.wav,
4_06.wav,
4_07.wav,
4_08.wav,
4_09.wav,
4_010.wav,
4_011.wav,
4_012.wav,
4_013.wav,
4_014.wav,
4_015.wav,
4_016.wav,
4_017.wav,
4_018.wav,
4_019.wav,
4_020.wav,
4_021.wav,
4_022.wav,
4_023.wav,
4_024.wav,
5_01.wav,
5_02.wav,
5_03.wav,
5_04.wav,
5_05.wav,
5_06.wav,
5_07.wav,
5_08.wav,
5_09.wav,
5_010.wav,
5_011.wav,
5_012.wav,
5_013.wav,
5_014.wav,
5_015.wav,
5_016.wav,
5_017.wav,
5_018.wav,
5_019.wav,
5_020.wav,
6_01.wav,
6_02.wav,
6_03.wav,
6_04.wav,
6_05.wav,
6_06.wav,
6_07.wav,
6_08.wav,
6_09.wav,
6_010.wav,
6_011.wav,
6_012.wav,
6_013.wav,
6_014.wav,
6_015.wav,
6_016.wav,
6_017.wav,
6_018.wav,
6_019.wav,
6_020.wav,
6_021.wav,
6_022.wav,
6_023.wav,
6_024.wav,
6_025.wav,
6_026.wav,
6_027.wav,
6_028.wav,
6_029.wav,
6_030.wav,
6_031.wav,
6_032.wav,
6_033.wav,
6_034.wav,
6_035.wav,
6_036.wav,
6_037.wav,
6_038.wav,
6_039.wav,
6_040.wav,
6_041.wav,
6_042.wav,
6_043.wav,
6_044.wav,
6_045.wav,
6_046.wav,
6_047.wav,
6_048.wav,
6_049.wav,
6_050.wav,
6_051.wav,
6_052.wav,
6_053.wav,
6_054.wav,
7_01.wav,
7_02.wav,
7_03.wav,
7_04.wav,
7_05.wav,
7_06.wav,
7_07.wav,
7_08.wav,
7_09.wav,
7_010.wav,
7_011.wav,
7_012.wav,
7_013.wav,
7_014.wav,
7_015.wav,
7_016.wav,
7_017.wav,
7_018.wav,
7_019.wav,
7_020.wav,
7_021.wav,
7_022.wav,
7_023.wav,
7_024.wav,
7_025.wav,
7_026.wav,
7_027.wav,
7_028.wav,
7_029.wav,
7_030.wav,
7_031.wav,
7_032.wav,
7_033.wav,
7_034.wav,
8_01.wav,
8_02.wav,
8_03.wav,
8_04.wav,
8_05.wav,
8_06.wav,
8_07.wav,
8_08.wav,
8_09.wav,
8_010.wav,
8_011.wav,
8_012.wav,
8_013.wav,
8_014.wav,
8_015.wav,
8_016.wav,
8_017.wav,
8_018.wav,
8_019.wav,
8_020.wav,
8_021.wav,
8_022.wav,
8_023.wav,
8_024.wav,
8_025.wav,
8_026.wav,
8_027.wav,
8_028.wav,
8_029.wav,
8_030.wav,
8_031.wav,
8_032.wav,
8_033.wav,
8_034.wav,
8_035.wav,
8_036.wav,
8_037.wav,
8_038.wav,
8_039.wav,
8_040.wav,
8_041.wav,
8_042.wav,
8_043.wav,
8_044.wav,
8_045.wav,
8_046.wav,
8_047.wav,
8_048.wav,
8_049.wav,
8_050.wav,
8_051.wav,
8_052.wav,
8_053.wav,
8_054.wav,
8_055.wav,
8_056.wav,
8_057.wav,
8_058.wav,
8_059.wav,
8_060.wav,
8_061.wav,
8_062.wav,
8_063.wav,
8_064.wav,
8_065.wav,
8_066.wav,
8_067.wav,
9_01.wav,
9_02.wav,
9_03.wav,
9_04.wav,
9_05.wav,
9_06.wav,
9_07.wav,
9_08.wav,
9_09.wav,
9_010.wav,
9_011.wav,
9_012.wav,
9_013.wav,
9_014.wav,
9_015.wav,
9_016.wav,
9_017.wav,
9_018.wav,
9_019.wav,
9_020.wav,
9_021.wav,
9_022.wav,
9_023.wav,
9_024.wav,
9_025.wav,
9_026.wav,
9_027.wav,
9_028.wav,
9_029.wav,
9_030.wav,
9_031.wav,
9_032.wav,
9_033.wav,
9_034.wav,
9_035.wav,
9_036.wav,
9_037.wav,
9_038.wav,
9_039.wav,
9_040.wav,
9_041.wav,
9_042.wav,
9_043.wav,
9_044.wav,
9_045.wav,
9_046.wav,
9_047.wav,
9_048.wav,
9_049.wav,
9_050.wav,
9_051.wav,
9_052.wav,
9_053.wav,
9_054.wav,
9_055.wav,
9_056.wav,
9_057.wav,
9_058.wav,
9_059.wav,
9_060.wav,
9_061.wav,
9_062.wav,
9_063.wav,
9_064.wav,
9_065.wav,
9_066.wav,
9_067.wav,
9_068.wav,
9_069.wav,
9_070.wav,
9_071.wav,
9_072.wav,
9_073.wav,
9_074.wav,
9_075.wav,
9_076.wav,
9_077.wav,
9_078.wav,
9_079.wav,
9_080.wav,
9_081.wav,
9_082.wav,
9_083.wav,
10_01.wav,
10_02.wav,
10_03.wav,
10_04.wav,
10_05.wav,
10_06.wav,
10_07.wav,
10_08.wav,
10_09.wav,
10_010.wav,
10_011.wav,
10_012.wav,
10_013.wav,
10_014.wav,
10_015.wav,
10_016.wav,
10_017.wav,
10_018.wav,
10_019.wav,
10_020.wav,
10_021.wav,
10_022.wav,
10_023.wav,
10_024.wav,
10_025.wav,
10_026.wav,
10_027.wav,
10_028.wav,
10_029.wav,
10_030.wav,
10_031.wav,
10_032.wav,
10_033.wav,
10_034.wav,
10_035.wav,
10_036.wav,
10_037.wav,
10_038.wav,
10_039.wav,
10_040.wav,
10_041.wav,
10_042.wav,
10_043.wav,
10_044.wav,
10_045.wav,
10_046.wav,
10_047.wav,
10_048.wav,
10_049.wav,
10_050.wav,
10_051.wav,
10_052.wav,
10_053.wav,
10_054.wav,
10_055.wav,
10_056.wav,
10_057.wav,
10_058.wav,
10_059.wav,
10_060.wav,
10_061.wav,
10_062.wav,
10_063.wav,
10_064.wav,
10_065.wav,
10_066.wav,
10_067.wav,
10_068.wav,
10_069.wav,
10_070.wav,
10_071.wav,
10_072.wav,
10_073.wav,
10_074.wav,
10_075.wav,
10_076.wav,
10_077.wav,
10_078.wav,
10_079.wav,
10_080.wav,
10_081.wav,
10_082.wav,
10_083.wav,
10_084.wav,
10_085.wav,
10_086.wav,
10_087.wav,
10_088.wav,
10_089.wav,
10_090.wav,
10_091.wav,
10_092.wav,
11_01.wav,
11_02.wav,
11_03.wav,
11_04.wav,
11_05.wav,
11_06.wav,
11_07.wav,
11_08.wav,
11_09.wav,
11_010.wav,
11_011.wav,
11_012.wav,
11_013.wav,
11_014.wav,
11_015.wav,
11_016.wav,
11_017.wav,
11_018.wav,
11_019.wav,
11_020.wav,
11_021.wav,
11_022.wav,
11_023.wav,
11_024.wav,
11_025.wav,
11_026.wav,
11_027.wav,
11_028.wav,
11_029.wav,
11_030.wav,
11_031.wav,
11_032.wav,
11_033.wav,
11_034.wav,
11_035.wav,
11_036.wav,
11_037.wav,
11_038.wav,
11_039.wav,
11_040.wav,
11_041.wav,
12_01.wav,
12_02.wav,
12_03.wav,
12_04.wav,
12_05.wav,
12_06.wav,
12_07.wav,
12_08.wav,
12_09.wav,
12_010.wav,
12_011.wav,
12_012.wav,
12_013.wav,
12_014.wav,
12_015.wav,
12_016.wav,
12_017.wav,
12_018.wav,
12_019.wav,
12_020.wav,
12_021.wav,
12_022.wav,
12_023.wav,
12_024.wav,
12_025.wav,
12_026.wav,
12_027.wav,
12_028.wav,
12_029.wav,
12_030.wav,
12_031.wav,
12_032.wav,
12_033.wav,
12_034.wav,
12_035.wav,
13_01.wav,
13_02.wav,
13_03.wav,
13_04.wav,
13_05.wav,
13_06.wav,
13_07.wav,
13_08.wav,
13_09.wav,
13_010.wav,
13_011.wav,
13_012.wav,
13_013.wav,
13_014.wav,
13_015.wav,
13_016.wav,
13_017.wav,
13_018.wav,
13_019.wav,
13_020.wav,
13_021.wav,
13_022.wav,
13_023.wav,
13_024.wav,
13_025.wav,
13_026.wav,
13_027.wav,
13_028.wav,
13_029.wav,
13_030.wav,
13_031.wav,
13_032.wav,
13_033.wav,
13_034.wav,
13_035.wav,
13_036.wav,
13_037.wav,
13_038.wav,
13_039.wav,
13_040.wav,
13_041.wav,
13_042.wav,
13_043.wav,
13_044.wav,
13_045.wav,
13_046.wav,
13_047.wav,
13_048.wav,
13_049.wav,
13_050.wav,
13_051.wav,
13_052.wav,
13_053.wav,
13_054.wav,
13_055.wav,
13_056.wav,
13_057.wav,
13_058.wav,
13_059.wav,
13_060.wav,
13_061.wav,
13_062.wav,
13_063.wav,
13_064.wav,
13_065.wav,
13_066.wav,
13_067.wav,
13_068.wav,
13_069.wav,
13_070.wav,
13_071.wav,
13_072.wav,
13_073.wav,
13_074.wav,
13_075.wav,
13_076.wav,
13_077.wav,
13_078.wav,
13_079.wav,
13_080.wav,
13_081.wav,
13_082.wav,
14_01.wav,
14_02.wav,
14_03.wav,
14_04.wav,
14_05.wav,
14_06.wav,
14_07.wav,
14_08.wav,
14_09.wav,
14_010.wav,
14_011.wav,
14_012.wav,
14_013.wav,
14_014.wav,
14_015.wav,
14_016.wav,
14_017.wav,
14_018.wav,
14_019.wav,
14_020.wav,
14_021.wav,
14_022.wav,
14_023.wav,
14_024.wav,
14_025.wav,
14_026.wav,
14_027.wav,
14_028.wav,
14_029.wav,
14_030.wav,
14_031.wav,
14_032.wav,
14_033.wav,
14_034.wav,
14_035.wav,
14_036.wav,
14_037.wav,
14_038.wav,
14_039.wav,
14_040.wav,
14_041.wav,
14_042.wav,
14_043.wav,
14_044.wav,
14_045.wav,
14_046.wav,
14_047.wav,
14_048.wav,
14_049.wav,
14_050.wav,
14_051.wav,
14_052.wav,
14_053.wav,
14_054.wav,
14_055.wav,
14_056.wav,
14_057.wav,
14_058.wav,
14_059.wav,
14_060.wav,
14_061.wav,
14_062.wav,
14_063.wav,
14_064.wav,
14_065.wav,
14_066.wav,
14_067.wav,
14_068.wav,
14_069.wav,
14_070.wav,
14_071.wav,
14_072.wav,
14_073.wav,
14_074.wav,
14_075.wav,
14_076.wav,
14_077.wav,
14_078.wav,
14_079.wav,
14_080.wav,
14_081.wav,
14_082.wav,
14_083.wav,
14_084.wav,
14_085.wav,
14_086.wav,
14_087.wav,
14_088.wav,
14_089.wav,
14_090.wav,
14_091.wav,
14_092.wav,
14_093.wav,
14_094.wav,
14_095.wav,
14_096.wav,
14_097.wav,
14_098.wav,
14_099.wav,
14_0100.wav,
14_0101.wav,
14_0102.wav,
14_0103.wav,
14_0104.wav,
14_0105.wav,
14_0106.wav,
14_0107.wav,
14_0108.wav,
14_0109.wav,
14_0110.wav,
14_0111.wav,
14_0112.wav,
14_0113.wav,
14_0114.wav,
14_0115.wav,
14_0116.wav,
14_0117.wav,
14_0118.wav,
14_0119.wav,
14_0120.wav,
14_0121.wav,
14_0122.wav,
14_0123.wav,
14_0124.wav,
14_0125.wav,
14_0126.wav,
14_0127.wav,
15_01.wav,
15_02.wav,
15_03.wav,
15_04.wav,
15_05.wav,
15_06.wav,
15_07.wav,
15_08.wav,
15_09.wav,
15_010.wav,
15_011.wav,
15_012.wav,
15_013.wav,
15_014.wav,
15_015.wav,
15_016.wav,
15_017.wav,
15_018.wav,
15_019.wav,
15_020.wav,
15_021.wav,
15_022.wav,
15_023.wav,
15_024.wav,
15_025.wav,
15_026.wav,
15_027.wav,
15_028.wav,
15_029.wav,
15_030.wav,
15_031.wav,
15_032.wav,
16_01.wav,
16_02.wav,
16_03.wav,
16_04.wav,
16_05.wav,
16_06.wav,
16_07.wav,
16_08.wav,
16_09.wav,
16_010.wav,
16_011.wav,
16_012.wav,
16_013.wav,
16_014.wav,
16_015.wav,
16_016.wav,
16_017.wav,
16_018.wav,
17_01.wav,
17_02.wav,
17_03.wav,
17_04.wav,
17_05.wav,
17_06.wav,
17_07.wav,
17_08.wav,
17_09.wav,
17_010.wav,
17_011.wav,
17_012.wav,
17_013.wav,
17_014.wav,
17_015.wav,
17_016.wav,
17_017.wav,
17_018.wav,
17_019.wav,
17_020.wav,
17_021.wav,
17_022.wav,
17_023.wav,
17_024.wav,
17_025.wav,
17_026.wav,
17_027.wav,
17_028.wav,
17_029.wav,
17_030.wav,
17_031.wav,
17_032.wav,
17_033.wav,
17_034.wav,
17_035.wav,
17_036.wav,
17_037.wav,
17_038.wav,
17_039.wav,
17_040.wav,
17_041.wav,
17_042.wav,
18_01.wav,
18_02.wav,
18_03.wav,
18_04.wav,
18_05.wav,
18_06.wav,
18_07.wav,
18_08.wav,
18_09.wav,
18_010.wav,
18_011.wav,
18_012.wav,
18_013.wav,
18_014.wav,
18_015.wav,
18_016.wav,
18_017.wav,
18_018.wav,
18_019.wav,
18_020.wav,
18_021.wav,
18_022.wav,
18_023.wav,
18_024.wav,
18_025.wav,
18_026.wav,
18_027.wav,
18_028.wav,
18_029.wav,
18_030.wav,
18_031.wav,
18_032.wav,
18_033.wav,
18_034.wav,
18_035.wav,
18_036.wav,
18_037.wav,
19_01.wav,
19_02.wav,
19_03.wav,
19_04.wav,
19_05.wav,
19_06.wav,
19_07.wav,
19_08.wav,
19_09.wav,
19_010.wav,
19_011.wav,
19_012.wav,
19_013.wav,
19_014.wav,
19_015.wav,
19_016.wav,
19_017.wav,
19_018.wav,
19_019.wav,
19_020.wav,
19_021.wav,
19_022.wav,
19_023.wav,
19_024.wav,
19_025.wav,
19_026.wav,
19_027.wav,
19_028.wav,
19_029.wav,
19_030.wav,
19_031.wav,
20_01.wav,
20_02.wav,
20_03.wav,
20_04.wav,
20_05.wav,
20_06.wav,
20_07.wav,
20_08.wav,
20_09.wav,
20_010.wav,
20_011.wav,
20_012.wav,
20_013.wav,
20_014.wav,
20_015.wav,
20_016.wav,
20_017.wav,
20_018.wav,
20_019.wav,
20_020.wav,
20_021.wav,
20_022.wav,
20_023.wav,
20_024.wav,
20_025.wav,
20_026.wav,
20_027.wav,
20_028.wav,
20_029.wav,
20_030.wav,
20_031.wav,
20_032.wav,
20_033.wav,
20_034.wav,
20_035.wav,
20_036.wav,
20_037.wav,
20_038.wav,
20_039.wav,
20_040.wav,
20_041.wav,
20_042.wav,
20_043.wav,
20_044.wav,
20_045.wav,
20_046.wav,
20_047.wav,
20_048.wav,
20_049.wav,
20_050.wav,
20_051.wav,
20_052.wav,
20_053.wav,
20_054.wav,
20_055.wav,
20_056.wav,
20_057.wav,
21_01.wav,
21_02.wav,
21_03.wav,
21_04.wav,
21_05.wav,
21_06.wav,
21_07.wav,
21_08.wav,
21_09.wav,
21_010.wav,
21_011.wav,
21_012.wav,
21_013.wav,
21_014.wav,
21_015.wav,
21_016.wav,
21_017.wav,
21_018.wav,
21_019.wav,
21_020.wav,
21_021.wav,
21_022.wav,
21_023.wav,
21_024.wav,
21_025.wav,
21_026.wav,
21_027.wav,
21_028.wav,
21_029.wav,
21_030.wav,
21_031.wav,
21_032.wav,
21_033.wav,
21_034.wav,
21_035.wav,
21_036.wav,
21_037.wav,
21_038.wav,
21_039.wav,
21_040.wav,
21_041.wav,
21_042.wav,
21_043.wav,
21_044.wav,
21_045.wav,
21_046.wav,
21_047.wav,
21_048.wav,
21_049.wav,
21_050.wav,
21_051.wav,
21_052.wav,
21_053.wav,
21_054.wav,
21_055.wav,
21_056.wav,
21_057.wav,
21_058.wav,
21_059.wav,
21_060.wav,
21_061.wav,
21_062.wav,
21_063.wav,
21_064.wav,
21_065.wav,
21_066.wav,
21_067.wav,
21_068.wav,
21_069.wav,
21_070.wav,
21_071.wav,
21_072.wav,
21_073.wav,
21_074.wav,
21_075.wav,
21_076.wav,
21_077.wav,
21_078.wav,
21_079.wav,
21_080.wav,
21_081.wav,
21_082.wav,
21_083.wav,
21_084.wav,
21_085.wav,
21_086.wav,
21_087.wav,
21_088.wav,
21_089.wav,
21_090.wav,
22_01.wav,
22_02.wav,
22_03.wav,
22_04.wav,
22_05.wav,
22_06.wav,
22_07.wav,
22_08.wav,
22_09.wav,
22_010.wav,
22_011.wav,
22_012.wav,
22_013.wav,
22_014.wav,
22_015.wav,
22_016.wav,
22_017.wav,
22_018.wav,
22_019.wav,
22_020.wav,
22_021.wav,
22_022.wav,
22_023.wav,
22_024.wav,
22_025.wav,
22_026.wav,
22_027.wav,
22_028.wav,
22_029.wav,
22_030.wav,
22_031.wav,
22_032.wav,
22_033.wav,
22_034.wav,
22_035.wav,
22_036.wav,
22_037.wav,
22_038.wav,
22_039.wav,
22_040.wav,
22_041.wav,
22_042.wav,
22_043.wav,
22_044.wav,
22_045.wav,
22_046.wav,
23_01.wav,
23_02.wav,
23_03.wav,
23_04.wav,
23_05.wav,
23_06.wav,
23_07.wav,
23_08.wav,
23_09.wav,
23_010.wav,
23_011.wav,
23_012.wav,
23_013.wav,
23_014.wav,
23_015.wav,
23_016.wav,
23_017.wav,
23_018.wav,
23_019.wav,
23_020.wav,
23_021.wav,
23_022.wav,
23_023.wav,
23_024.wav,
23_025.wav,
23_026.wav,
23_027.wav,
23_028.wav,
23_029.wav,
23_030.wav,
23_031.wav,
23_032.wav,
23_033.wav,
23_034.wav,
23_035.wav,
23_036.wav,
23_037.wav,
23_038.wav,
23_039.wav,
23_040.wav,
23_041.wav,
23_042.wav,
23_043.wav,
23_044.wav,
23_045.wav,
23_046.wav,
23_047.wav,
23_048.wav,
23_049.wav,
23_050.wav,
23_051.wav,
23_052.wav,
23_053.wav,
23_054.wav,
23_055.wav,
23_056.wav,
23_057.wav,
23_058.wav,
23_059.wav,
23_060.wav,
23_061.wav,
23_062.wav,
23_063.wav,
23_064.wav,
23_065.wav,
23_066.wav,
23_067.wav,
23_068.wav,
23_069.wav,
23_070.wav,
23_071.wav,
23_072.wav,
23_073.wav,
23_074.wav,
23_075.wav,
23_076.wav,
24_01.wav,
24_02.wav,
24_03.wav,
24_04.wav,
24_05.wav,
24_06.wav,
24_07.wav,
24_08.wav,
24_09.wav,
24_010.wav,
24_011.wav,
24_012.wav,
24_013.wav,
24_014.wav,
24_015.wav,
24_016.wav,
24_017.wav,
24_018.wav,
24_019.wav,
24_020.wav,
24_021.wav,
24_022.wav,
24_023.wav,
24_024.wav,
24_025.wav,
24_026.wav,
24_027.wav,
24_028.wav,
24_029.wav,
24_030.wav,
24_031.wav,
24_032.wav,
24_033.wav,
24_034.wav,
24_035.wav,
24_036.wav,
24_037.wav,
24_038.wav,
24_039.wav,
24_040.wav,
24_041.wav,
24_042.wav,
24_043.wav,
24_044.wav,
24_045.wav,
24_046.wav,
24_047.wav,
24_048.wav,
24_049.wav,
24_050.wav,
24_051.wav,
24_052.wav,
24_053.wav,
24_054.wav,
24_055.wav,
24_056.wav,
24_057.wav,
24_058.wav,
24_059.wav,
24_060.wav,
24_061.wav,
24_062.wav,
24_063.wav,
24_064.wav,
24_065.wav,
24_066.wav,
24_067.wav,
24_068.wav,
24_069.wav,
24_070.wav,
24_071.wav,
24_072.wav,
24_073.wav,
24_074.wav,
24_075.wav,
24_076.wav,
24_077.wav,
24_078.wav,
24_079.wav,
24_080.wav,
24_081.wav,
24_082.wav,
24_083.wav,
24_084.wav,
24_085.wav,
24_086.wav,
24_087.wav,
24_088.wav,
24_089.wav,
24_090.wav,
24_091.wav,
24_092.wav,
24_093.wav,
24_094.wav,
24_095.wav,
24_096.wav,
24_097.wav,
24_098.wav,
24_099.wav,
24_0100.wav,
24_0101.wav,
24_0102.wav,
24_0103.wav,
24_0104.wav,
24_0105.wav,
24_0106.wav,
24_0107.wav,
24_0108.wav,
24_0109.wav,
24_0110.wav,
24_0111.wav,
24_0112.wav,
24_0113.wav,
24_0114.wav,
24_0115.wav,
24_0116.wav,
24_0117.wav,
24_0118.wav,
24_0119.wav,
24_0120.wav,
24_0121.wav,
24_0122.wav,
24_0123.wav,
24_0124.wav,
24_0125.wav,
24_0126.wav,
24_0127.wav,
24_0128.wav,
24_0129.wav,
24_0130.wav,
24_0131.wav,
24_0132.wav,
24_0133.wav,
24_0134.wav,
24_0135.wav,
24_0136.wav,
24_0137.wav,
24_0138.wav,
24_0139.wav,
24_0140.wav,
24_0141.wav,
24_0142.wav,
24_0143.wav,
24_0144.wav,
24_0145.wav,
24_0146.wav,
24_0147.wav,
24_0148.wav,
24_0149.wav,
24_0150.wav,
24_0151.wav,
24_0152.wav,
24_0153.wav,
24_0154.wav,
24_0155.wav,
24_0156.wav,
24_0157.wav,
24_0158.wav,
24_0159.wav,
24_0160.wav,
24_0161.wav,
24_0162.wav,
24_0163.wav,
24_0164.wav,
24_0165.wav,
24_0166.wav,
25_01.wav,
25_02.wav,
25_03.wav,
25_04.wav,
25_05.wav,
25_06.wav,
25_07.wav,
25_08.wav,
25_09.wav,
25_010.wav,
25_011.wav,
25_012.wav,
25_013.wav,
25_014.wav,
25_015.wav,
25_016.wav,
25_017.wav,
25_018.wav,
25_019.wav,
25_020.wav,
25_021.wav,
25_022.wav,
25_023.wav,
25_024.wav,
25_025.wav,
25_026.wav,
25_027.wav,
25_028.wav,
25_029.wav,
25_030.wav,
25_031.wav,
25_032.wav,
25_033.wav,
25_034.wav,
25_035.wav,
25_036.wav,
25_037.wav,
25_038.wav,
25_039.wav,
25_040.wav,
25_041.wav,
25_042.wav,
25_043.wav,
25_044.wav,
25_045.wav,
25_046.wav,
25_047.wav,
25_048.wav,
25_049.wav,
25_050.wav,
25_051.wav,
25_052.wav,
25_053.wav,
25_054.wav,
25_055.wav,
25_056.wav,
25_057.wav,
25_058.wav,
25_059.wav,
25_060.wav,
25_061.wav,
25_062.wav,
25_063.wav,
25_064.wav,
25_065.wav,
25_066.wav,
25_067.wav,
25_068.wav,
25_069.wav,
25_070.wav,
25_071.wav,
25_072.wav,
25_073.wav,
25_074.wav,
25_075.wav,
25_076.wav,
25_077.wav,
25_078.wav,
25_079.wav,
25_080.wav,
25_081.wav,
25_082.wav,
25_083.wav,
25_084.wav,
25_085.wav,
25_086.wav,
25_087.wav,
25_088.wav,
25_089.wav,
25_090.wav,
25_091.wav,
25_092.wav,
25_093.wav,
25_094.wav,
25_095.wav,
25_096.wav,
25_097.wav,
25_098.wav,
25_099.wav,
25_0100.wav,
25_0101.wav,
26_01.wav,
26_02.wav,
26_03.wav,
26_04.wav,
26_05.wav,
26_06.wav,
26_07.wav,
26_08.wav,
26_09.wav,
26_010.wav,
26_011.wav,
26_012.wav,
26_013.wav,
26_014.wav,
26_015.wav,
26_016.wav,
26_017.wav,
26_018.wav,
26_019.wav,
26_020.wav,
26_021.wav,
26_022.wav,
26_023.wav,
26_024.wav,
26_025.wav,
27_01.wav,
27_02.wav,
27_03.wav,
27_04.wav,
27_05.wav,
27_06.wav,
27_07.wav,
27_08.wav,
27_09.wav,
27_010.wav,
27_011.wav,
27_012.wav,
27_013.wav,
27_014.wav,
27_015.wav,
27_016.wav,
27_017.wav,
27_018.wav,
27_019.wav,
27_020.wav,
27_021.wav,
27_022.wav,
27_023.wav,
27_024.wav,
27_025.wav,
27_026.wav,
27_027.wav,
27_028.wav,
27_029.wav,
27_030.wav,
27_031.wav,
27_032.wav,
27_033.wav,
27_034.wav,
27_035.wav,
27_036.wav,
27_037.wav,
27_038.wav,
27_039.wav,
27_040.wav,
27_041.wav,
27_042.wav,
27_043.wav,
27_044.wav,
27_045.wav,
27_046.wav,
27_047.wav,
27_048.wav,
27_049.wav,
27_050.wav,
27_051.wav,
27_052.wav,
27_053.wav,
27_054.wav,
27_055.wav,
27_056.wav,
27_057.wav,
27_058.wav,
27_059.wav,
27_060.wav,
27_061.wav,
27_062.wav,
27_063.wav,
27_064.wav,
27_065.wav,
27_066.wav,
27_067.wav,
27_068.wav,
27_069.wav,
27_070.wav,
27_071.wav,
27_072.wav,
27_073.wav,
27_074.wav,
27_075.wav,
27_076.wav,
27_077.wav,
27_078.wav,
27_079.wav,
27_080.wav,
27_081.wav,
27_082.wav,
27_083.wav,
27_084.wav,
27_085.wav,
27_086.wav,
27_087.wav,
27_088.wav,
27_089.wav,
27_090.wav,
27_091.wav,
27_092.wav,
27_093.wav,
27_094.wav,
27_095.wav,
27_096.wav,
27_097.wav,
27_098.wav,
27_099.wav,
27_0100.wav,
27_0101.wav,
27_0102.wav,
28_01.wav,
28_02.wav,
28_03.wav,
28_04.wav,
28_05.wav,
28_06.wav,
28_07.wav,
28_08.wav,
28_09.wav,
28_010.wav,
28_011.wav,
28_012.wav,
28_013.wav,
28_014.wav,
28_015.wav,
28_016.wav,
28_017.wav,
28_018.wav,
28_019.wav,
28_020.wav,
28_021.wav,
28_022.wav,
28_023.wav,
28_024.wav,
28_025.wav,
28_026.wav,
28_027.wav,
28_028.wav,
28_029.wav,
28_030.wav,
28_031.wav,
28_032.wav,
28_033.wav,
28_034.wav,
28_035.wav,
28_036.wav,
28_037.wav,
28_038.wav,
28_039.wav,
28_040.wav,
28_041.wav,
28_042.wav,
28_043.wav,
28_044.wav,
28_045.wav,
28_046.wav,
28_047.wav,
28_048.wav,
28_049.wav,
28_050.wav,
28_051.wav,
28_052.wav,
28_053.wav,
28_054.wav,
28_055.wav,
28_056.wav,
28_057.wav,
28_058.wav,
28_059.wav,
28_060.wav,
28_061.wav,
29_01.wav,
29_02.wav,
29_03.wav,
29_04.wav,
29_05.wav,
29_06.wav,
29_07.wav,
29_08.wav,
29_09.wav,
29_010.wav,
29_011.wav,
29_012.wav,
29_013.wav,
29_014.wav,
29_015.wav,
29_016.wav,
29_017.wav,
29_018.wav,
29_019.wav,
29_020.wav,
29_021.wav,
29_022.wav,
29_023.wav,
29_024.wav,
29_025.wav,
29_026.wav,
29_027.wav,
29_028.wav,
29_029.wav,
29_030.wav,
29_031.wav,
29_032.wav,
29_033.wav,
29_034.wav,
29_035.wav,
29_036.wav,
29_037.wav,
29_038.wav,
29_039.wav,
29_040.wav,
29_041.wav,
29_042.wav,
29_043.wav,
29_044.wav,
29_045.wav,
29_046.wav,
29_047.wav,
29_048.wav,
29_049.wav,
29_050.wav,
29_051.wav,
29_052.wav,
29_053.wav,
29_054.wav,
29_055.wav,
29_056.wav,
29_057.wav,
29_058.wav,
29_059.wav,
29_060.wav,
29_061.wav,
29_062.wav,
29_063.wav,
29_064.wav,
29_065.wav,
29_066.wav,
30_01.wav,
30_02.wav,
30_03.wav,
30_04.wav,
30_05.wav,
30_06.wav,
30_07.wav,
30_08.wav,
30_09.wav,
30_010.wav,
30_011.wav,
30_012.wav,
30_013.wav,
30_014.wav,
30_015.wav,
30_016.wav,
30_017.wav,
30_018.wav,
30_019.wav,
30_020.wav,
30_021.wav,
30_022.wav,
30_023.wav,
30_024.wav,
30_025.wav,
30_026.wav,
30_027.wav,
30_028.wav,
30_029.wav,
30_030.wav,
30_031.wav,
30_032.wav,
30_033.wav,
30_034.wav,
30_035.wav,
30_036.wav,
30_037.wav,
30_038.wav,
30_039.wav,
30_040.wav,
30_041.wav,
30_042.wav,
30_043.wav,
30_044.wav,
30_045.wav,
30_046.wav,
30_047.wav,
30_048.wav,
30_049.wav,
30_050.wav,
30_051.wav,
30_052.wav,
30_053.wav,
30_054.wav,
30_055.wav,
30_056.wav,
30_057.wav,
30_058.wav,
30_059.wav,
30_060.wav,
30_061.wav,
30_062.wav,
30_063.wav,
30_064.wav,
30_065.wav,
30_066.wav,
30_067.wav,
30_068.wav,
30_069.wav,
30_070.wav,
30_071.wav,
30_072.wav,
30_073.wav,
30_074.wav,
30_075.wav,
30_076.wav,
30_077.wav,
30_078.wav,
30_079.wav,
30_080.wav,
30_081.wav,
30_082.wav,
30_083.wav,
30_084.wav,
30_085.wav,
30_086.wav,
30_087.wav,
30_088.wav,
30_089.wav,
30_090.wav,
30_091.wav,
30_092.wav,
30_093.wav,
30_094.wav,
30_095.wav,
30_096.wav,
30_097.wav,
30_098.wav,
30_099.wav,
30_0100.wav,
30_0101.wav,
30_0102.wav,
30_0103.wav,
30_0104.wav,
30_0105.wav,
30_0106.wav,
30_0107.wav,
30_0108.wav,
30_0109.wav,
30_0110.wav,
30_0111.wav,
30_0112.wav,
30_0113.wav,
30_0114.wav,
30_0115.wav,
30_0116.wav,
30_0117.wav,
30_0118.wav,
30_0119.wav,
30_0120.wav,
30_0121.wav,
30_0122.wav,
30_0123.wav,
30_0124.wav,
30_0125.wav,
30_0126.wav,
30_0127.wav,
30_0128.wav,
30_0129.wav,
30_0130.wav,
30_0131.wav,
30_0132.wav,
30_0133.wav,
30_0134.wav,
30_0135.wav,
30_0136.wav,
30_0137.wav,
30_0138.wav,
30_0139.wav,
30_0140.wav,
30_0141.wav,
30_0142.wav,
30_0143.wav,
30_0144.wav,
30_0145.wav,
30_0146.wav,
30_0147.wav,
30_0148.wav,
30_0149.wav,
30_0150.wav,
30_0151.wav,
30_0152.wav,
30_0153.wav,
30_0154.wav,
30_0155.wav,
30_0156.wav,
30_0157.wav,
30_0158.wav,
30_0159.wav,
30_0160.wav,
30_0161.wav,
30_0162.wav,
30_0163.wav,
30_0164.wav,
30_0165.wav,
30_0166.wav,
30_0167.wav,
30_0168.wav,
30_0169.wav,
30_0170.wav,
30_0171.wav,
30_0172.wav,
30_0173.wav,
30_0174.wav,
30_0175.wav,
30_0176.wav,
30_0177.wav,
30_0178.wav,
30_0179.wav,
30_0180.wav,
30_0181.wav,
30_0182.wav,
30_0183.wav,
30_0184.wav,
30_0185.wav,
30_0186.wav,
30_0187.wav,
30_0188.wav,
30_0189.wav,
30_0190.wav,
30_0191.wav,
30_0192.wav,
30_0193.wav,
30_0194.wav,
30_0195.wav,
30_0196.wav,
30_0197.wav,
30_0198.wav,
30_0199.wav,
30_0200.wav,
30_0201.wav,
30_0202.wav,
30_0203.wav,
30_0204.wav,
30_0205.wav,
30_0206.wav,
30_0207.wav,
30_0208.wav,
30_0209.wav,
30_0210.wav,
30_0211.wav,
30_0212.wav,
30_0213.wav,
30_0214.wav,
30_0215.wav,
30_0216.wav,
30_0217.wav,
30_0218.wav,
30_0219.wav,
30_0220.wav,
30_0221.wav,
30_0222.wav,
30_0223.wav,
30_0224.wav,
30_0225.wav,
30_0226.wav,
30_0227.wav,
30_0228.wav,
30_0229.wav,
30_0230.wav,
30_0231.wav,
30_0232.wav,
30_0233.wav,
30_0234.wav,
30_0235.wav,
30_0236.wav,
30_0237.wav,
30_0238.wav,
30_0239.wav,
30_0240.wav,
30_0241.wav,
30_0242.wav,
30_0243.wav,
30_0244.wav,
30_0245.wav,
30_0246.wav,
30_0247.wav,
30_0248.wav,
31_01.wav,
31_02.wav,
31_03.wav,
31_04.wav,
31_05.wav,
31_06.wav,
31_07.wav,
31_08.wav,
31_09.wav,
31_010.wav,
31_011.wav,
31_012.wav,
31_013.wav,
31_014.wav,
31_015.wav,
31_016.wav,
31_017.wav,
31_018.wav,
31_019.wav,
31_020.wav,
31_021.wav,
31_022.wav,
31_023.wav,
31_024.wav,
31_025.wav,
31_026.wav,
31_027.wav,
31_028.wav,
31_029.wav,
31_030.wav,
31_031.wav,
31_032.wav,
31_033.wav,
31_034.wav,
31_035.wav,
31_036.wav,
31_037.wav,
31_038.wav,
31_039.wav,
31_040.wav,
31_041.wav,
31_042.wav,
31_043.wav,
31_044.wav,
31_045.wav,
31_046.wav,
31_047.wav,
31_048.wav,
31_049.wav,
31_050.wav,
31_051.wav,
31_052.wav,
31_053.wav,
31_054.wav,
31_055.wav,
31_056.wav,
31_057.wav,
31_058.wav,
32_01.wav,
32_02.wav,
32_03.wav,
32_04.wav,
32_05.wav,
32_06.wav,
32_07.wav,
32_08.wav,
32_09.wav,
32_010.wav,
32_011.wav,
32_012.wav,
32_013.wav,
32_014.wav,
32_015.wav,
32_016.wav,
32_017.wav,
32_018.wav,
32_019.wav,
32_020.wav,
32_021.wav,
32_022.wav,
32_023.wav,
32_024.wav,
32_025.wav,
32_026.wav,
32_027.wav,
32_028.wav,
32_029.wav,
32_030.wav,
32_031.wav,
32_032.wav,
32_033.wav,
32_034.wav,
32_035.wav,
32_036.wav,
32_037.wav,
32_038.wav,
32_039.wav,
32_040.wav,
32_041.wav,
32_042.wav,
32_043.wav,
32_044.wav,
32_045.wav,
32_046.wav,
32_047.wav,
32_048.wav,
32_049.wav,
32_050.wav,
32_051.wav,
32_052.wav,
32_053.wav,
32_054.wav,
32_055.wav,
32_056.wav,
32_057.wav,
32_058.wav,
32_059.wav,
32_060.wav,
32_061.wav,
32_062.wav,
32_063.wav,
32_064.wav,
32_065.wav,
32_066.wav,
32_067.wav,
32_068.wav,
32_069.wav,
32_070.wav,
32_071.wav,
32_072.wav,
32_073.wav,
32_074.wav,
32_075.wav,
32_076.wav,
32_077.wav,
32_078.wav,
32_079.wav,
32_080.wav,
32_081.wav,
32_082.wav,
32_083.wav,
32_084.wav,
32_085.wav,
32_086.wav,
32_087.wav,
32_088.wav,
32_089.wav,
32_090.wav,
32_091.wav,
32_092.wav,
33_01.wav,
33_02.wav,
33_03.wav,
33_04.wav,
33_05.wav,
33_06.wav,
33_07.wav,
33_08.wav,
33_09.wav,
33_010.wav,
33_011.wav,
33_012.wav,
33_013.wav,
33_014.wav,
33_015.wav,
33_016.wav,
33_017.wav,
33_018.wav,
33_019.wav,
33_020.wav,
33_021.wav,
33_022.wav,
33_023.wav,
33_024.wav,
33_025.wav,
33_026.wav,
33_027.wav,
33_028.wav,
33_029.wav,
33_030.wav,
33_031.wav,
33_032.wav,
34_01.wav,
34_02.wav,
34_03.wav,
34_04.wav,
34_05.wav,
34_06.wav,
34_07.wav,
34_08.wav,
34_09.wav,
34_010.wav,
34_011.wav,
34_012.wav,
34_013.wav,
34_014.wav,
34_015.wav,
34_016.wav,
34_017.wav,
34_018.wav,
34_019.wav,
34_020.wav,
34_021.wav,
34_022.wav,
34_023.wav,
34_024.wav,
35_01.wav,
35_02.wav,
35_03.wav,
35_04.wav,
35_05.wav,
35_06.wav,
35_07.wav,
35_08.wav,
35_09.wav,
35_010.wav,
35_011.wav,
35_012.wav,
35_013.wav,
35_014.wav,
35_015.wav,
35_016.wav,
35_017.wav,
35_018.wav,
35_019.wav,
35_020.wav,
35_021.wav,
35_022.wav,
35_023.wav,
35_024.wav,
35_025.wav,
35_026.wav,
35_027.wav,
35_028.wav,
35_029.wav,
35_030.wav,
35_031.wav,
35_032.wav,
35_033.wav,
35_034.wav,
35_035.wav,
35_036.wav,
35_037.wav,
35_038.wav,
35_039.wav,
35_040.wav,
35_041.wav,
35_042.wav,
35_043.wav,
35_044.wav,
35_045.wav,
35_046.wav,
35_047.wav,
35_048.wav,
35_049.wav,
35_050.wav,
35_051.wav,
35_052.wav,
35_053.wav,
35_054.wav,
35_055.wav,
35_056.wav,
35_057.wav,
35_058.wav,
35_059.wav,
35_060.wav,
35_061.wav,
35_062.wav,
35_063.wav,
35_064.wav,
35_065.wav,
35_066.wav,
35_067.wav,
35_068.wav,
35_069.wav,
35_070.wav,
35_071.wav,
35_072.wav,
35_073.wav,
35_074.wav,
35_075.wav,
35_076.wav,
35_077.wav,
35_078.wav,
35_079.wav,
35_080.wav,
35_081.wav,
35_082.wav,
35_083.wav,
35_084.wav,
35_085.wav,
35_086.wav,
35_087.wav,
35_088.wav,
35_089.wav,
36_01.wav,
36_02.wav,
36_03.wav,
36_04.wav,
36_05.wav,
36_06.wav,
36_07.wav,
36_08.wav,
36_09.wav,
36_010.wav,
36_011.wav,
36_012.wav,
36_013.wav,
36_014.wav,
36_015.wav,
36_016.wav,
36_017.wav,
36_018.wav,
36_019.wav,
36_020.wav,
36_021.wav,
36_022.wav,
36_023.wav,
36_024.wav,
36_025.wav,
36_026.wav,
36_027.wav,
36_028.wav,
36_029.wav,
36_030.wav,
36_031.wav,
36_032.wav,
36_033.wav,
36_034.wav,
36_035.wav,
36_036.wav,
36_037.wav,
36_038.wav,
36_039.wav,
36_040.wav,
36_041.wav,
36_042.wav,
36_043.wav,
36_044.wav,
36_045.wav,
36_046.wav,
36_047.wav,
36_048.wav,
36_049.wav,
36_050.wav,
36_051.wav,
36_052.wav,
36_053.wav,
36_054.wav,
36_055.wav,
36_056.wav,
37_01.wav,
37_02.wav,
37_03.wav,
37_04.wav,
37_05.wav,
37_06.wav,
37_07.wav,
37_08.wav,
37_09.wav,
37_010.wav,
37_011.wav,
37_012.wav,
37_013.wav,
37_014.wav,
37_015.wav,
37_016.wav,
37_017.wav,
37_018.wav,
37_019.wav,
37_020.wav,
37_021.wav,
37_022.wav,
37_023.wav,
37_024.wav,
37_025.wav,
37_026.wav,
37_027.wav,
37_028.wav,
37_029.wav,
37_030.wav,
37_031.wav,
37_032.wav,
37_033.wav,
37_034.wav,
37_035.wav,
37_036.wav,
37_037.wav,
37_038.wav,
37_039.wav,
37_040.wav,
37_041.wav,
37_042.wav,
37_043.wav,
37_044.wav,
37_045.wav,
37_046.wav,
37_047.wav,
37_048.wav,
37_049.wav,
37_050.wav,
37_051.wav,
37_052.wav,
37_053.wav,
37_054.wav,
37_055.wav,
37_056.wav,
37_057.wav,
37_058.wav,
37_059.wav,
37_060.wav,
37_061.wav,
37_062.wav,
37_063.wav,
37_064.wav,
38_01.wav,
38_02.wav,
38_03.wav,
38_04.wav,
38_05.wav,
38_06.wav,
38_07.wav,
38_08.wav,
38_09.wav,
38_010.wav,
38_011.wav,
38_012.wav,
38_013.wav,
38_014.wav,
38_015.wav,
38_016.wav,
38_017.wav,
38_018.wav,
38_019.wav,
38_020.wav,
38_021.wav,
38_022.wav,
38_023.wav,
38_024.wav,
38_025.wav,
38_026.wav,
38_027.wav,
38_028.wav,
38_029.wav,
38_030.wav,
38_031.wav,
38_032.wav,
38_033.wav,
38_034.wav,
38_035.wav,
38_036.wav,
38_037.wav,
38_038.wav,
38_039.wav,
38_040.wav,
38_041.wav,
38_042.wav,
38_043.wav,
38_044.wav,
38_045.wav,
38_046.wav,
38_047.wav,
38_048.wav,
38_049.wav,
38_050.wav,
38_051.wav,
38_052.wav,
39_01.wav,
39_02.wav,
39_03.wav,
39_04.wav,
39_05.wav,
39_06.wav,
39_07.wav,
39_08.wav,
39_09.wav,
39_010.wav,
39_011.wav,
39_012.wav,
39_013.wav,
39_014.wav,
39_015.wav,
39_016.wav,
39_017.wav,
39_018.wav,
39_019.wav,
39_020.wav,
39_021.wav,
39_022.wav,
39_023.wav,
39_024.wav,
39_025.wav,
39_026.wav,
39_027.wav,
39_028.wav,
39_029.wav,
39_030.wav,
39_031.wav,
39_032.wav,
39_033.wav,
39_034.wav,
39_035.wav,
39_036.wav,
39_037.wav,
39_038.wav,
39_039.wav,
39_040.wav,
39_041.wav,
39_042.wav,
39_043.wav,
39_044.wav,
39_045.wav,
39_046.wav,
39_047.wav,
39_048.wav,
39_049.wav,
39_050.wav,
39_051.wav,
39_052.wav,
39_053.wav,
39_054.wav,
39_055.wav,
39_056.wav,
39_057.wav,
39_058.wav,
39_059.wav,
39_060.wav,
39_061.wav,
39_062.wav,
39_063.wav,
39_064.wav,
39_065.wav,
39_066.wav,
39_067.wav,
39_068.wav,
39_069.wav,
39_070.wav,
39_071.wav,
39_072.wav,
39_073.wav,
39_074.wav,
39_075.wav,
39_076.wav,
39_077.wav,
39_078.wav,
39_079.wav,
39_080.wav,
39_081.wav,
39_082.wav,
39_083.wav,
39_084.wav,
39_085.wav,
39_086.wav,
39_087.wav,
39_088.wav,
39_089.wav,
39_090.wav,
39_091.wav,
39_092.wav,
39_093.wav,
39_094.wav,
39_095.wav,
39_096.wav,
39_097.wav,
39_098.wav,
39_099.wav,
39_0100.wav,
39_0101.wav,
39_0102.wav,
39_0103.wav,
39_0104.wav,
39_0105.wav,
39_0106.wav,
39_0107.wav,
39_0108.wav,
39_0109.wav,
39_0110.wav,
39_0111.wav,
39_0112.wav,
39_0113.wav,
39_0114.wav,
39_0115.wav,
39_0116.wav,
39_0117.wav,
39_0118.wav,
39_0119.wav,
39_0120.wav,
39_0121.wav,
39_0122.wav,
39_0123.wav,
39_0124.wav,
39_0125.wav,
39_0126.wav,
39_0127.wav,
39_0128.wav,
39_0129.wav,
39_0130.wav,
40_01.wav,
40_02.wav,
40_03.wav,
40_04.wav,
40_05.wav,
40_06.wav,
40_07.wav,
40_08.wav,
40_09.wav,
40_010.wav,
40_011.wav,
40_012.wav,
40_013.wav,
40_014.wav,
40_015.wav,
40_016.wav,
40_017.wav,
40_018.wav,
40_019.wav,
40_020.wav,
40_021.wav,
40_022.wav,
40_023.wav,
40_024.wav,
40_025.wav,
40_026.wav,
40_027.wav,
40_028.wav,
40_029.wav,
40_030.wav,
40_031.wav,
40_032.wav,
40_033.wav,
40_034.wav,
40_035.wav,
41_01.wav,
41_02.wav,
41_03.wav,
41_04.wav,
41_05.wav,
41_06.wav,
41_07.wav,
41_08.wav,
41_09.wav,
41_010.wav,
41_011.wav,
41_012.wav,
41_013.wav,
41_014.wav,
41_015.wav,
41_016.wav,
41_017.wav,
41_018.wav,
41_019.wav,
41_020.wav,
41_021.wav,
41_022.wav,
41_023.wav,
41_024.wav,
41_025.wav,
41_026.wav,
41_027.wav,
41_028.wav,
41_029.wav,
41_030.wav,
41_031.wav,
41_032.wav,
41_033.wav,
41_034.wav,
41_035.wav,
41_036.wav,
41_037.wav,
41_038.wav,
41_039.wav,
41_040.wav,
41_041.wav,
41_042.wav,
41_043.wav,
41_044.wav,
41_045.wav,
41_046.wav,
41_047.wav,
41_048.wav,
41_049.wav,
41_050.wav,
41_051.wav,
41_052.wav,
41_053.wav,
41_054.wav,
41_055.wav,
41_056.wav,
41_057.wav,
41_058.wav,
41_059.wav,
41_060.wav,
41_061.wav,
41_062.wav,
41_063.wav,
41_064.wav,
41_065.wav,
41_066.wav,
41_067.wav,
41_068.wav,
41_069.wav,
41_070.wav,
41_071.wav,
41_072.wav,
41_073.wav,
41_074.wav,
41_075.wav,
41_076.wav,
41_077.wav,
41_078.wav,
41_079.wav,
41_080.wav,
41_081.wav,
41_082.wav,
41_083.wav,
41_084.wav,
41_085.wav,
41_086.wav,
41_087.wav,
41_088.wav,
41_089.wav,
41_090.wav,
41_091.wav,
41_092.wav,
41_093.wav,
41_094.wav,
41_095.wav,
41_096.wav,
41_097.wav,
41_098.wav,
41_099.wav,
41_0100.wav,
41_0101.wav,
41_0102.wav,
41_0103.wav,
41_0104.wav,
41_0105.wav,
41_0106.wav,
41_0107.wav,
41_0108.wav,
41_0109.wav,
41_0110.wav,
41_0111.wav,
41_0112.wav,
41_0113.wav,
41_0114.wav,
41_0115.wav,
41_0116.wav,
41_0117.wav,
41_0118.wav,
41_0119.wav,
41_0120.wav,
41_0121.wav,
41_0122.wav,
41_0123.wav,
41_0124.wav,
42_01.wav,
42_02.wav,
42_03.wav,
42_04.wav,
42_05.wav,
42_06.wav,
42_07.wav,
42_08.wav,
42_09.wav,
42_010.wav,
42_011.wav,
42_012.wav,
42_013.wav,
42_014.wav,
42_015.wav,
42_016.wav,
42_017.wav,
42_018.wav,
42_019.wav,
42_020.wav,
42_021.wav,
42_022.wav,
42_023.wav,
42_024.wav,
42_025.wav,
42_026.wav,
42_027.wav,
42_028.wav,
42_029.wav,
42_030.wav,
42_031.wav,
42_032.wav,
42_033.wav,
42_034.wav,
42_035.wav,
42_036.wav,
42_037.wav,
42_038.wav,
42_039.wav,
42_040.wav,
42_041.wav,
42_042.wav,
42_043.wav,
42_044.wav,
42_045.wav,
42_046.wav,
42_047.wav,
42_048.wav,
42_049.wav,
42_050.wav,
42_051.wav,
42_052.wav,
42_053.wav,
42_054.wav,
42_055.wav,
42_056.wav,
42_057.wav,
42_058.wav,
42_059.wav,
42_060.wav,
42_061.wav,
42_062.wav,
42_063.wav,
42_064.wav,
42_065.wav,
42_066.wav,
42_067.wav,
42_068.wav,
42_069.wav,
42_070.wav,
42_071.wav,
42_072.wav,
42_073.wav,
43_01.wav,
43_02.wav,
43_03.wav,
43_04.wav,
43_05.wav,
43_06.wav,
43_07.wav,
43_08.wav,
43_09.wav,
43_010.wav,
43_011.wav,
43_012.wav,
43_013.wav,
43_014.wav,
43_015.wav,
43_016.wav,
43_017.wav,
43_018.wav,
43_019.wav,
43_020.wav,
43_021.wav,
43_022.wav,
43_023.wav,
43_024.wav,
43_025.wav,
43_026.wav,
43_027.wav,
43_028.wav,
43_029.wav,
43_030.wav,
43_031.wav,
43_032.wav,
43_033.wav,
43_034.wav,
43_035.wav,
43_036.wav,
43_037.wav,
43_038.wav,
43_039.wav,
43_040.wav,
43_041.wav,
44_01.wav,
44_02.wav,
44_03.wav,
44_04.wav,
44_05.wav,
44_06.wav,
44_07.wav,
44_08.wav,
44_09.wav,
44_010.wav,
44_011.wav,
44_012.wav,
44_013.wav,
44_014.wav,
44_015.wav,
44_016.wav,
44_017.wav,
44_018.wav,
44_019.wav,
44_020.wav,
44_021.wav,
44_022.wav,
44_023.wav,
44_024.wav,
44_025.wav,
44_026.wav,
44_027.wav,
44_028.wav,
44_029.wav,
44_030.wav,
44_031.wav,
44_032.wav,
44_033.wav,
44_034.wav,
44_035.wav,
44_036.wav,
44_037.wav,
44_038.wav,
44_039.wav,
44_040.wav,
44_041.wav,
44_042.wav,
44_043.wav,
44_044.wav,
44_045.wav,
44_046.wav,
44_047.wav,
44_048.wav,
44_049.wav,
44_050.wav,
44_051.wav,
44_052.wav,
44_053.wav,
44_054.wav,
44_055.wav,
44_056.wav,
44_057.wav,
44_058.wav,
44_059.wav,
44_060.wav,
44_061.wav,
44_062.wav,
44_063.wav,
44_064.wav,
44_065.wav,
44_066.wav,
44_067.wav,
44_068.wav,
44_069.wav,
44_070.wav,
44_071.wav,
44_072.wav,
44_073.wav,
44_074.wav,
44_075.wav,
44_076.wav,
44_077.wav,
44_078.wav,
44_079.wav,
44_080.wav,
44_081.wav,
44_082.wav,
44_083.wav,
44_084.wav,
44_085.wav,
44_086.wav,
44_087.wav,
44_088.wav,
44_089.wav,
44_090.wav,
44_091.wav,
44_092.wav,
44_093.wav,
44_094.wav,
44_095.wav,
44_096.wav,
44_097.wav,
44_098.wav,
44_099.wav,
44_0100.wav,
44_0101.wav,
44_0102.wav,
44_0103.wav,
44_0104.wav,
44_0105.wav,
44_0106.wav,
44_0107.wav,
44_0108.wav,
44_0109.wav,
44_0110.wav,
44_0111.wav,
44_0112.wav,
44_0113.wav,
44_0114.wav,
44_0115.wav,
44_0116.wav,
44_0117.wav,
44_0118.wav,
44_0119.wav,
44_0120.wav,
44_0121.wav,
44_0122.wav,
44_0123.wav,
44_0124.wav,
44_0125.wav,
44_0126.wav,
44_0127.wav,
44_0128.wav,
44_0129.wav,
44_0130.wav,
44_0131.wav,
45_01.wav,
45_02.wav,
45_03.wav,
45_04.wav,
45_05.wav,
45_06.wav,
45_07.wav,
45_08.wav,
45_09.wav,
45_010.wav,
45_011.wav,
45_012.wav,
45_013.wav,
45_014.wav,
45_015.wav,
45_016.wav,
45_017.wav,
45_018.wav,
45_019.wav,
45_020.wav,
45_021.wav,
45_022.wav,
45_023.wav,
45_024.wav,
45_025.wav,
45_026.wav,
45_027.wav,
45_028.wav,
45_029.wav,
45_030.wav,
45_031.wav,
45_032.wav,
45_033.wav,
46_01.wav,
46_02.wav,
46_03.wav,
46_04.wav,
46_05.wav,
46_06.wav,
46_07.wav,
46_08.wav,
46_09.wav,
46_010.wav,
46_011.wav,
46_012.wav,
46_013.wav,
46_014.wav,
46_015.wav,
46_016.wav,
46_017.wav,
46_018.wav,
46_019.wav,
46_020.wav,
46_021.wav,
46_022.wav,
46_023.wav,
46_024.wav,
46_025.wav,
46_026.wav,
46_027.wav,
46_028.wav,
46_029.wav,
46_030.wav,
46_031.wav,
46_032.wav,
46_033.wav,
46_034.wav,
46_035.wav,
46_036.wav,
46_037.wav,
46_038.wav,
47_01.wav,
47_02.wav,
47_03.wav,
47_04.wav,
47_05.wav,
47_06.wav,
47_07.wav,
47_08.wav,
47_09.wav,
47_010.wav,
47_011.wav,
47_012.wav,
47_013.wav,
47_014.wav,
47_015.wav,
47_016.wav,
47_017.wav,
47_018.wav,
47_019.wav,
47_020.wav,
47_021.wav,
47_022.wav,
47_023.wav,
47_024.wav,
47_025.wav,
47_026.wav,
47_027.wav,
47_028.wav,
47_029.wav,
47_030.wav,
47_031.wav,
47_032.wav,
47_033.wav,
47_034.wav,
47_035.wav,
47_036.wav,
47_037.wav,
47_038.wav,
47_039.wav,
47_040.wav,
47_041.wav,
47_042.wav,
48_01.wav,
48_02.wav,
48_03.wav,
48_04.wav,
48_05.wav,
48_06.wav,
48_07.wav,
48_08.wav,
48_09.wav,
48_010.wav,
48_011.wav,
48_012.wav,
48_013.wav,
48_014.wav,
48_015.wav,
48_016.wav,
48_017.wav,
48_018.wav,
48_019.wav,
48_020.wav,
48_021.wav,
48_022.wav,
48_023.wav,
48_024.wav,
48_025.wav,
48_026.wav,
48_027.wav,
48_028.wav,
48_029.wav,
48_030.wav,
48_031.wav,
48_032.wav,
48_033.wav,
48_034.wav,
48_035.wav,
48_036.wav,
48_037.wav,
48_038.wav,
48_039.wav,
48_040.wav,
48_041.wav,
48_042.wav,
48_043.wav,
48_044.wav,
48_045.wav,
48_046.wav,
48_047.wav,
48_048.wav,
48_049.wav,
48_050.wav,
48_051.wav,
48_052.wav,
48_053.wav,
48_054.wav,
48_055.wav,
48_056.wav,
48_057.wav,
49_01.wav,
49_02.wav,
49_03.wav,
49_04.wav,
49_05.wav,
49_06.wav,
49_07.wav,
49_08.wav,
49_09.wav,
49_010.wav,
49_011.wav,
49_012.wav,
49_013.wav,
49_014.wav,
49_015.wav,
49_016.wav,
49_017.wav,
49_018.wav,
49_019.wav,
49_020.wav,
49_021.wav,
49_022.wav,
49_023.wav,
49_024.wav,
49_025.wav,
49_026.wav,
49_027.wav,
49_028.wav,
49_029.wav,
49_030.wav,
49_031.wav,
49_032.wav,
49_033.wav,
49_034.wav,
49_035.wav,
49_036.wav,
49_037.wav,
49_038.wav,
49_039.wav,
49_040.wav,
49_041.wav,
49_042.wav,
49_043.wav,
49_044.wav,
49_045.wav,
49_046.wav,
49_047.wav,
49_048.wav,
49_049.wav,
49_050.wav,
50_01.wav,
50_02.wav,
50_03.wav,
50_04.wav,
50_05.wav,
50_06.wav,
50_07.wav,
50_08.wav,
50_09.wav,
50_010.wav,
50_011.wav,
50_012.wav,
50_013.wav,
50_014.wav,
50_015.wav,
50_016.wav,
50_017.wav,
51_01.wav,
51_02.wav,
51_03.wav,
51_04.wav,
51_05.wav,
51_06.wav,
51_07.wav,
51_08.wav,
51_09.wav,
51_010.wav,
51_011.wav,
51_012.wav,
51_013.wav,
51_014.wav,
51_015.wav,
51_016.wav,
51_017.wav,
51_018.wav,
51_019.wav,
51_020.wav,
51_021.wav,
51_022.wav,
51_023.wav,
51_024.wav,
51_025.wav,
51_026.wav,
51_027.wav,
51_028.wav,
51_029.wav,
51_030.wav,
52_01.wav,
52_02.wav,
52_03.wav,
52_04.wav,
52_05.wav,
52_06.wav,
52_07.wav,
52_08.wav,
52_09.wav,
52_010.wav,
52_011.wav,
52_012.wav,
52_013.wav,
52_014.wav,
52_015.wav,
52_016.wav,
52_017.wav,
52_018.wav,
52_019.wav,
52_020.wav,
52_021.wav,
52_022.wav,
52_023.wav,
52_024.wav,
52_025.wav,
52_026.wav,
52_027.wav,
52_028.wav,
52_029.wav,
52_030.wav,
52_031.wav,
52_032.wav,
52_033.wav,
52_034.wav,
52_035.wav,
52_036.wav,
52_037.wav,
52_038.wav,
52_039.wav,
52_040.wav,
52_041.wav,
52_042.wav,
52_043.wav,
52_044.wav,
52_045.wav,
52_046.wav,
52_047.wav,
52_048.wav,
52_049.wav,
52_050.wav,
52_051.wav,
52_052.wav,
52_053.wav,
52_054.wav,
52_055.wav,
52_056.wav,
52_057.wav,
52_058.wav,
52_059.wav,
52_060.wav,
52_061.wav,
52_062.wav,
52_063.wav,
52_064.wav,
52_065.wav,
52_066.wav,
52_067.wav,
52_068.wav,
52_069.wav,
52_070.wav,
52_071.wav,
52_072.wav,
52_073.wav,
52_074.wav,
52_075.wav,
52_076.wav,
52_077.wav,
52_078.wav,
52_079.wav,
52_080.wav,
52_081.wav,
52_082.wav,
52_083.wav,
52_084.wav,
52_085.wav,
52_086.wav,
52_087.wav,
52_088.wav,
52_089.wav,
52_090.wav,
52_091.wav,
52_092.wav,
52_093.wav,
52_094.wav,
52_095.wav,
52_096.wav,
52_097.wav,
52_098.wav,
52_099.wav,
52_0100.wav,
52_0101.wav,
52_0102.wav,
52_0103.wav,
52_0104.wav,
52_0105.wav,
52_0106.wav,
52_0107.wav,
52_0108.wav,
52_0109.wav,
52_0110.wav,
52_0111.wav,
52_0112.wav,
52_0113.wav,
52_0114.wav,
52_0115.wav,
52_0116.wav,
52_0117.wav,
52_0118.wav,
52_0119.wav,
52_0120.wav,
52_0121.wav,
52_0122.wav,
52_0123.wav,
52_0124.wav,
52_0125.wav,
52_0126.wav,
52_0127.wav,
52_0128.wav,
53_01.wav,
53_02.wav,
53_03.wav,
53_04.wav,
53_05.wav,
53_06.wav,
53_07.wav,
53_08.wav,
53_09.wav,
53_010.wav,
53_011.wav,
53_012.wav,
53_013.wav,
53_014.wav,
53_015.wav,
53_016.wav,
53_017.wav,
53_018.wav,
53_019.wav,
53_020.wav,
53_021.wav,
53_022.wav,
53_023.wav,
53_024.wav,
53_025.wav,
53_026.wav,
54_01.wav,
54_02.wav,
54_03.wav,
54_04.wav,
54_05.wav,
54_06.wav,
54_07.wav,
54_08.wav,
54_09.wav,
54_010.wav,
54_011.wav,
54_012.wav,
54_013.wav,
54_014.wav,
54_015.wav,
54_016.wav,
54_017.wav,
54_018.wav,
54_019.wav,
54_020.wav,
54_021.wav,
54_022.wav,
54_023.wav,
54_024.wav,
54_025.wav,
54_026.wav,
54_027.wav,
54_028.wav,
54_029.wav,
54_030.wav,
54_031.wav,
54_032.wav,
54_033.wav,
54_034.wav,
54_035.wav,
54_036.wav,
54_037.wav,
54_038.wav,
54_039.wav,
54_040.wav,
54_041.wav,
54_042.wav,
54_043.wav,
54_044.wav,
54_045.wav,
54_046.wav,
54_047.wav,
54_048.wav,
54_049.wav,
54_050.wav,
54_051.wav,
54_052.wav,
54_053.wav,
54_054.wav,
54_055.wav,
54_056.wav,
54_057.wav,
54_058.wav,
54_059.wav,
54_060.wav,
54_061.wav,
54_062.wav,
54_063.wav,
54_064.wav,
54_065.wav,
54_066.wav,
54_067.wav,
54_068.wav,
54_069.wav,
54_070.wav,
54_071.wav,
54_072.wav,
54_073.wav,
54_074.wav,
54_075.wav,
54_076.wav,
54_077.wav,
54_078.wav,
54_079.wav,
54_080.wav,
54_081.wav,
54_082.wav,
54_083.wav,
54_084.wav,
54_085.wav,
54_086.wav,
54_087.wav,
54_088.wav,
54_089.wav,
55_01.wav,
55_02.wav,
55_03.wav,
55_04.wav,
55_05.wav,
55_06.wav,
55_07.wav,
55_08.wav,
55_09.wav,
55_010.wav,
55_011.wav,
55_012.wav,
55_013.wav,
56_01.wav,
56_02.wav,
56_03.wav,
56_04.wav,
56_05.wav,
56_06.wav,
56_07.wav,
56_08.wav,
56_09.wav,
56_010.wav,
56_011.wav,
56_012.wav,
56_013.wav,
56_014.wav,
56_015.wav,
56_016.wav,
56_017.wav,
56_018.wav,
56_019.wav,
56_020.wav,
56_021.wav,
56_022.wav,
56_023.wav,
56_024.wav,
56_025.wav,
56_026.wav,
56_027.wav,
56_028.wav,
56_029.wav,
56_030.wav,
56_031.wav,
56_032.wav,
56_033.wav,
57_01.wav,
57_02.wav,
57_03.wav,
57_04.wav,
57_05.wav,
57_06.wav,
57_07.wav,
57_08.wav,
57_09.wav,
57_010.wav,
57_011.wav,
57_012.wav,
57_013.wav,
57_014.wav,
57_015.wav,
57_016.wav,
57_017.wav,
57_018.wav,
57_019.wav,
57_020.wav,
57_021.wav,
57_022.wav,
57_023.wav,
57_024.wav,
57_025.wav,
57_026.wav,
57_027.wav,
57_028.wav,
57_029.wav,
57_030.wav,
57_031.wav,
57_032.wav,
57_033.wav,
57_034.wav,
58_01.wav,
58_02.wav,
58_03.wav,
58_04.wav,
58_05.wav,
58_06.wav,
58_07.wav,
58_08.wav,
58_09.wav,
58_010.wav,
58_011.wav,
58_012.wav,
58_013.wav,
58_014.wav,
58_015.wav,
58_016.wav,
58_017.wav,
58_018.wav,
58_019.wav,
58_020.wav,
58_021.wav,
58_022.wav,
58_023.wav,
58_024.wav,
59_01.wav,
59_02.wav,
59_03.wav,
59_04.wav,
59_05.wav,
59_06.wav,
59_07.wav,
59_08.wav,
59_09.wav,
59_010.wav,
59_011.wav,
59_012.wav,
59_013.wav,
59_014.wav,
59_015.wav,
59_016.wav,
59_017.wav,
59_018.wav,
59_019.wav,
59_020.wav,
59_021.wav,
59_022.wav,
59_023.wav,
59_024.wav,
59_025.wav,
59_026.wav,
60_01.wav,
60_02.wav,
60_03.wav,
60_04.wav,
60_05.wav,
60_06.wav,
60_07.wav,
60_08.wav,
60_09.wav,
60_010.wav,
60_011.wav,
60_012.wav,
60_013.wav,
60_014.wav,
60_015.wav,
60_016.wav,
60_017.wav,
60_018.wav,
60_019.wav,
60_020.wav,
60_021.wav,
60_022.wav,
60_023.wav,
60_024.wav,
60_025.wav,
60_026.wav,
60_027.wav,
60_028.wav,
60_029.wav,
60_030.wav,
60_031.wav,
60_032.wav,
60_033.wav,
60_034.wav,
60_035.wav,
60_036.wav,
61_01.wav,
61_02.wav,
61_03.wav,
61_04.wav,
61_05.wav,
61_06.wav,
61_07.wav,
61_08.wav,
61_09.wav,
61_010.wav,
61_011.wav,
61_012.wav,
61_013.wav,
61_014.wav,
61_015.wav,
61_016.wav,
61_017.wav,
61_018.wav,
61_019.wav,
61_020.wav,
61_021.wav,
61_022.wav,
61_023.wav,
61_024.wav,
61_025.wav,
61_026.wav,
61_027.wav,
62_01.wav,
62_02.wav,
62_03.wav,
62_04.wav,
62_05.wav,
62_06.wav,
62_07.wav,
62_08.wav,
62_09.wav,
62_010.wav,
62_011.wav,
62_012.wav,
62_013.wav,
62_014.wav,
62_015.wav,
62_016.wav,
62_017.wav,
62_018.wav,
62_019.wav,
62_020.wav,
62_021.wav,
62_022.wav,
62_023.wav,
62_024.wav,
62_025.wav,
62_026.wav,
62_027.wav,
62_028.wav,
62_029.wav,
62_030.wav,
62_031.wav,
62_032.wav,
62_033.wav,
62_034.wav,
62_035.wav,
62_036.wav,
62_037.wav,
62_038.wav,
62_039.wav,
62_040.wav,
62_041.wav,
62_042.wav,
62_043.wav,
62_044.wav,
62_045.wav,
63_01.wav,
63_02.wav,
63_03.wav,
63_04.wav,
63_05.wav,
63_06.wav,
63_07.wav,
63_08.wav,
63_09.wav,
63_010.wav,
63_011.wav,
63_012.wav,
63_013.wav,
63_014.wav,
63_015.wav,
63_016.wav,
63_017.wav,
63_018.wav,
63_019.wav,
63_020.wav,
63_021.wav,
63_022.wav,
63_023.wav,
63_024.wav,
63_025.wav,
63_026.wav,
63_027.wav,
63_028.wav,
63_029.wav,
63_030.wav,
63_031.wav,
63_032.wav,
63_033.wav,
63_034.wav,
63_035.wav,
63_036.wav,
63_037.wav,
63_038.wav,
63_039.wav,
63_040.wav,
63_041.wav,
63_042.wav,
63_043.wav,
63_044.wav,
63_045.wav,
63_046.wav,
63_047.wav,
63_048.wav,
63_049.wav,
63_050.wav,
63_051.wav,
63_052.wav,
63_053.wav,
63_054.wav,
64_01.wav,
64_02.wav,
64_03.wav,
64_04.wav,
64_05.wav,
64_06.wav,
64_07.wav,
64_08.wav,
64_09.wav,
64_010.wav,
65_01.wav,
65_02.wav,
65_03.wav,
65_04.wav,
65_05.wav,
65_06.wav,
65_07.wav,
65_08.wav,
65_09.wav,
65_010.wav,
65_011.wav,
65_012.wav,
65_013.wav,
65_014.wav,
65_015.wav,
65_016.wav,
65_017.wav,
65_018.wav,
65_019.wav,
65_020.wav,
65_021.wav,
65_022.wav,
66_01.wav,
66_02.wav,
66_03.wav,
66_04.wav,
66_05.wav,
66_06.wav,
66_07.wav,
66_08.wav,
66_09.wav,
66_010.wav,
66_011.wav,
66_012.wav,
66_013.wav,
66_014.wav,
66_015.wav,
66_016.wav,
66_017.wav,
66_018.wav,
66_019.wav,
66_020.wav,
66_021.wav,
66_022.wav,
66_023.wav,
66_024.wav,
66_025.wav,
66_026.wav,
66_027.wav,
66_028.wav,
66_029.wav,
66_030.wav,
66_031.wav,
66_032.wav,
66_033.wav,
66_034.wav,
66_035.wav,
66_036.wav,
66_037.wav,
66_038.wav,
66_039.wav,
66_040.wav,
67_01.wav,
67_02.wav,
67_03.wav,
67_04.wav,
67_05.wav,
67_06.wav,
67_07.wav,
67_08.wav,
67_09.wav,
67_010.wav,
67_011.wav,
67_012.wav,
67_013.wav,
67_014.wav,
67_015.wav,
67_016.wav,
67_017.wav,
67_018.wav,
67_019.wav,
67_020.wav,
67_021.wav,
67_022.wav,
67_023.wav,
67_024.wav,
67_025.wav,
67_026.wav,
67_027.wav,
67_028.wav,
67_029.wav,
67_030.wav,
67_031.wav,
67_032.wav,
67_033.wav,
67_034.wav,
67_035.wav,
67_036.wav,
67_037.wav,
67_038.wav,
67_039.wav,
68_01.wav,
68_02.wav,
68_03.wav,
68_04.wav,
68_05.wav,
68_06.wav,
68_07.wav,
68_08.wav,
68_09.wav,
68_010.wav,
68_011.wav,
68_012.wav,
68_013.wav,
68_014.wav,
68_015.wav,
68_016.wav,
68_017.wav,
68_018.wav,
68_019.wav,
68_020.wav,
68_021.wav,
68_022.wav,
68_023.wav,
68_024.wav,
68_025.wav,
68_026.wav,
68_027.wav,
68_028.wav,
68_029.wav,
68_030.wav,
68_031.wav,
68_032.wav,
68_033.wav,
68_034.wav,
68_035.wav,
68_036.wav,
68_037.wav,
68_038.wav,
68_039.wav,
68_040.wav,
68_041.wav,
68_042.wav,
68_043.wav,
68_044.wav,
68_045.wav,
68_046.wav,
68_047.wav,
68_048.wav,
68_049.wav,
68_050.wav,
68_051.wav,
68_052.wav,
68_053.wav,
68_054.wav,
68_055.wav,
68_056.wav,
68_057.wav,
68_058.wav,
68_059.wav,
68_060.wav,
68_061.wav,
68_062.wav,
68_063.wav,
68_064.wav,
68_065.wav,
68_066.wav,
68_067.wav,
68_068.wav,
68_069.wav,
68_070.wav,
68_071.wav,
68_072.wav,
68_073.wav,
68_074.wav,
68_075.wav,
68_076.wav,
68_077.wav,
68_078.wav,
68_079.wav,
68_080.wav,
68_081.wav,
68_082.wav,
69_01.wav,
69_02.wav,
69_03.wav,
69_04.wav,
69_05.wav,
69_06.wav,
69_07.wav,
69_08.wav,
69_09.wav,
69_010.wav,
69_011.wav,
69_012.wav,
69_013.wav,
69_014.wav,
69_015.wav,
69_016.wav,
69_017.wav,
69_018.wav,
69_019.wav,
69_020.wav,
69_021.wav,
69_022.wav,
69_023.wav,
69_024.wav,
69_025.wav,
69_026.wav,
69_027.wav,
69_028.wav,
69_029.wav,
69_030.wav,
69_031.wav,
69_032.wav,
69_033.wav,
69_034.wav,
69_035.wav,
69_036.wav,
69_037.wav,
69_038.wav,
69_039.wav,
69_040.wav,
69_041.wav,
69_042.wav,
69_043.wav,
69_044.wav,
69_045.wav,
69_046.wav,
69_047.wav,
69_048.wav,
69_049.wav,
69_050.wav,
69_051.wav,
69_052.wav,
69_053.wav,
69_054.wav,
69_055.wav,
69_056.wav,
69_057.wav,
69_058.wav,
69_059.wav,
69_060.wav,
69_061.wav,
69_062.wav,
69_063.wav,
69_064.wav,
69_065.wav,
69_066.wav,
69_067.wav,
69_068.wav,
69_069.wav,
69_070.wav,
69_071.wav,
69_072.wav,
69_073.wav,
69_074.wav,
69_075.wav,
69_076.wav,
69_077.wav,
69_078.wav,
69_079.wav,
69_080.wav,
69_081.wav,
69_082.wav,
69_083.wav,
69_084.wav,
69_085.wav,
69_086.wav,
69_087.wav,
69_088.wav,
69_089.wav,
69_090.wav,
69_091.wav,
69_092.wav,
70_01.wav,
70_02.wav,
70_03.wav,
70_04.wav,
70_05.wav,
70_06.wav,
70_07.wav,
70_08.wav,
70_09.wav,
70_010.wav,
70_011.wav,
70_012.wav,
70_013.wav,
70_014.wav,
70_015.wav,
70_016.wav,
70_017.wav,
70_018.wav,
70_019.wav,
70_020.wav,
70_021.wav,
70_022.wav,
70_023.wav,
70_024.wav,
70_025.wav,
70_026.wav,
70_027.wav,
70_028.wav,
70_029.wav,
70_030.wav,
70_031.wav,
70_032.wav,
70_033.wav,
70_034.wav,
70_035.wav,
70_036.wav,
70_037.wav,
70_038.wav,
70_039.wav,
70_040.wav,
70_041.wav,
70_042.wav,
70_043.wav,
70_044.wav,
70_045.wav,
70_046.wav,
70_047.wav,
70_048.wav,
70_049.wav,
70_050.wav,
70_051.wav,
70_052.wav,
70_053.wav,
70_054.wav,
70_055.wav,
70_056.wav,
70_057.wav,
70_058.wav,
70_059.wav,
70_060.wav,
70_061.wav,
70_062.wav,
70_063.wav,
70_064.wav,
70_065.wav,
70_066.wav,
70_067.wav,
70_068.wav,
70_069.wav,
70_070.wav,
70_071.wav,
70_072.wav,
70_073.wav,
70_074.wav,
70_075.wav,
70_076.wav,
70_077.wav,
70_078.wav,
70_079.wav,
70_080.wav,
70_081.wav,
70_082.wav,
70_083.wav,
70_084.wav,
71_01.wav,
71_02.wav,
71_03.wav,
71_04.wav,
71_05.wav,
71_06.wav,
71_07.wav,
71_08.wav,
71_09.wav,
71_010.wav,
71_011.wav,
71_012.wav,
71_013.wav,
71_014.wav,
71_015.wav,
71_016.wav,
71_017.wav,
71_018.wav,
71_019.wav,
71_020.wav,
71_021.wav,
71_022.wav,
71_023.wav,
71_024.wav,
71_025.wav,
71_026.wav,
71_027.wav,
71_028.wav,
71_029.wav,
71_030.wav,
71_031.wav,
71_032.wav,
71_033.wav,
71_034.wav,
71_035.wav,
71_036.wav,
71_037.wav,
71_038.wav,
71_039.wav,
71_040.wav,
71_041.wav,
71_042.wav,
71_043.wav,
71_044.wav,
71_045.wav,
71_046.wav,
71_047.wav,
71_048.wav,
71_049.wav,
71_050.wav,
71_051.wav,
71_052.wav,
71_053.wav,
71_054.wav,
71_055.wav,
71_056.wav,
71_057.wav,
71_058.wav,
71_059.wav,
71_060.wav,
71_061.wav,
71_062.wav,
71_063.wav,
71_064.wav,
71_065.wav,
71_066.wav,
71_067.wav,
71_068.wav,
71_069.wav,
71_070.wav,
71_071.wav,
71_072.wav,
72_01.wav,
72_02.wav,
72_03.wav,
72_04.wav,
72_05.wav,
72_06.wav,
72_07.wav,
72_08.wav,
72_09.wav,
72_010.wav,
72_011.wav,
72_012.wav,
72_013.wav,
72_014.wav,
72_015.wav,
72_016.wav,
72_017.wav,
72_018.wav,
72_019.wav,
72_020.wav,
72_021.wav,
72_022.wav,
72_023.wav,
72_024.wav,
72_025.wav,
72_026.wav,
72_027.wav,
72_028.wav,
72_029.wav,
72_030.wav,
72_031.wav,
72_032.wav,
72_033.wav,
72_034.wav,
72_035.wav,
72_036.wav,
72_037.wav,
72_038.wav,
72_039.wav,
72_040.wav,
72_041.wav,
72_042.wav,
72_043.wav,
73_01.wav,
73_02.wav,
73_03.wav,
73_04.wav,
73_05.wav,
73_06.wav,
73_07.wav,
73_08.wav,
73_09.wav,
73_010.wav,
73_011.wav,
73_012.wav,
73_013.wav,
73_014.wav,
73_015.wav,
73_016.wav,
73_017.wav,
73_018.wav,
73_019.wav,
73_020.wav,
73_021.wav,
73_022.wav,
73_023.wav,
73_024.wav,
73_025.wav,
73_026.wav,
73_027.wav,
73_028.wav,
73_029.wav,
73_030.wav,
73_031.wav,
73_032.wav,
73_033.wav,
73_034.wav,
73_035.wav,
73_036.wav,
73_037.wav,
73_038.wav,
73_039.wav,
73_040.wav,
73_041.wav,
73_042.wav,
73_043.wav,
73_044.wav,
73_045.wav,
73_046.wav,
73_047.wav,
73_048.wav,
73_049.wav,
73_050.wav,
73_051.wav,
73_052.wav,
73_053.wav,
73_054.wav,
73_055.wav,
73_056.wav,
73_057.wav,
73_058.wav,
73_059.wav,
73_060.wav,
73_061.wav,
73_062.wav,
73_063.wav,
73_064.wav,
73_065.wav,
73_066.wav,
73_067.wav,
73_068.wav,
73_069.wav,
73_070.wav,
73_071.wav,
73_072.wav,
73_073.wav,
73_074.wav,
73_075.wav,
73_076.wav,
73_077.wav,
73_078.wav,
73_079.wav,
73_080.wav,
73_081.wav,
73_082.wav,
73_083.wav,
73_084.wav,
73_085.wav,
73_086.wav,
73_087.wav,
73_088.wav,
73_089.wav,
73_090.wav,
73_091.wav,
73_092.wav,
73_093.wav,
73_094.wav,
73_095.wav,
73_096.wav,
73_097.wav,
73_098.wav,
73_099.wav,
73_0100.wav,
73_0101.wav,
73_0102.wav,
73_0103.wav,
73_0104.wav,
73_0105.wav,
73_0106.wav,
73_0107.wav,
73_0108.wav,
73_0109.wav,
73_0110.wav,
73_0111.wav,
73_0112.wav,
73_0113.wav,
73_0114.wav,
73_0115.wav,
73_0116.wav,
73_0117.wav,
73_0118.wav,
73_0119.wav,
73_0120.wav,
73_0121.wav,
73_0122.wav,
73_0123.wav,
73_0124.wav,
73_0125.wav,
73_0126.wav,
73_0127.wav,
73_0128.wav,
73_0129.wav,
73_0130.wav,
73_0131.wav,
73_0132.wav,
73_0133.wav,
73_0134.wav,
73_0135.wav,
73_0136.wav,
73_0137.wav,
73_0138.wav,
73_0139.wav,
73_0140.wav,
73_0141.wav,
74_01.wav,
74_02.wav,
74_03.wav,
74_04.wav,
74_05.wav,
74_06.wav,
74_07.wav,
74_08.wav,
74_09.wav,
74_010.wav,
74_011.wav,
74_012.wav,
74_013.wav,
74_014.wav,
74_015.wav,
74_016.wav,
74_017.wav,
74_018.wav,
74_019.wav,
74_020.wav,
74_021.wav,
74_022.wav,
74_023.wav,
74_024.wav,
74_025.wav,
74_026.wav,
74_027.wav,
74_028.wav,
74_029.wav,
74_030.wav,
74_031.wav,
74_032.wav,
74_033.wav,
74_034.wav,
74_035.wav,
74_036.wav,
74_037.wav,
74_038.wav,
74_039.wav,
74_040.wav,
74_041.wav,
74_042.wav,
74_043.wav,
74_044.wav,
74_045.wav,
74_046.wav,
74_047.wav,
74_048.wav,
74_049.wav,
74_050.wav,
74_051.wav,
74_052.wav,
74_053.wav,
74_054.wav,
74_055.wav,
74_056.wav,
74_057.wav,
74_058.wav,
74_059.wav,
74_060.wav,
74_061.wav,
74_062.wav,
74_063.wav,
74_064.wav,
74_065.wav,
74_066.wav,
74_067.wav,
74_068.wav,
74_069.wav,
74_070.wav,
74_071.wav,
74_072.wav,
74_073.wav,
74_074.wav,
74_075.wav,
74_076.wav,
74_077.wav,
74_078.wav,
74_079.wav,
74_080.wav,
74_081.wav,
74_082.wav,
74_083.wav,
74_084.wav,
74_085.wav,
74_086.wav,
74_087.wav,
74_088.wav,
74_089.wav,
74_090.wav,
74_091.wav,
74_092.wav,
74_093.wav,
74_094.wav,
74_095.wav,
74_096.wav,
74_097.wav,
74_098.wav,
74_099.wav,
74_0100.wav,
74_0101.wav,
74_0102.wav,
74_0103.wav,
74_0104.wav,
74_0105.wav,
74_0106.wav,
74_0107.wav,
74_0108.wav,
74_0109.wav,
74_0110.wav,
74_0111.wav,
74_0112.wav,
74_0113.wav,
74_0114.wav,
74_0115.wav,
74_0116.wav,
74_0117.wav,
74_0118.wav,
74_0119.wav,
74_0120.wav,
74_0121.wav,
74_0122.wav,
74_0123.wav,
74_0124.wav,
75_01.wav,
75_02.wav,
75_03.wav,
75_04.wav,
75_05.wav,
75_06.wav,
75_07.wav,
75_08.wav,
75_09.wav,
75_010.wav,
75_011.wav,
75_012.wav,
75_013.wav,
75_014.wav,
75_015.wav,
75_016.wav,
75_017.wav,
75_018.wav,
75_019.wav,
75_020.wav,
75_021.wav,
75_022.wav,
75_023.wav,
75_024.wav,
75_025.wav,
75_026.wav,
75_027.wav,
75_028.wav,
75_029.wav,
75_030.wav,
75_031.wav,
75_032.wav,
75_033.wav,
75_034.wav,
75_035.wav,
75_036.wav,
75_037.wav,
75_038.wav,
75_039.wav,
75_040.wav,
75_041.wav,
75_042.wav,
75_043.wav,
75_044.wav,
75_045.wav,
75_046.wav,
75_047.wav,
75_048.wav,
75_049.wav,
75_050.wav,
75_051.wav,
75_052.wav,
75_053.wav,
75_054.wav,
75_055.wav,
75_056.wav,
75_057.wav,
75_058.wav,
75_059.wav,
75_060.wav,
75_061.wav,
75_062.wav,
75_063.wav,
75_064.wav,
75_065.wav,
75_066.wav,
75_067.wav,
75_068.wav,
75_069.wav,
75_070.wav,
75_071.wav,
75_072.wav,
75_073.wav,
75_074.wav,
75_075.wav,
75_076.wav,
75_077.wav,
75_078.wav,
75_079.wav,
75_080.wav,
75_081.wav,
75_082.wav,
75_083.wav,
75_084.wav,
75_085.wav,
75_086.wav,
75_087.wav,
75_088.wav,
75_089.wav,
75_090.wav,
75_091.wav,
75_092.wav,
75_093.wav,
75_094.wav,
75_095.wav,
75_096.wav,
75_097.wav,
75_098.wav,
75_099.wav,
75_0100.wav,
75_0101.wav,
75_0102.wav,
75_0103.wav,
75_0104.wav,
75_0105.wav,
75_0106.wav,
75_0107.wav,
75_0108.wav,
75_0109.wav,
75_0110.wav,
75_0111.wav,
75_0112.wav,
75_0113.wav,
75_0114.wav,
75_0115.wav,
75_0116.wav,
75_0117.wav,
75_0118.wav,
75_0119.wav,
75_0120.wav,
75_0121.wav,
75_0122.wav,
75_0123.wav,
75_0124.wav,
75_0125.wav,
75_0126.wav,
75_0127.wav,
75_0128.wav,
75_0129.wav,
75_0130.wav,
75_0131.wav,
75_0132.wav,
75_0133.wav,
75_0134.wav,
75_0135.wav,
75_0136.wav,
75_0137.wav,
75_0138.wav,
75_0139.wav,
75_0140.wav,
75_0141.wav,
75_0142.wav,
75_0143.wav,
75_0144.wav,
75_0145.wav,
75_0146.wav,
75_0147.wav,
75_0148.wav,
75_0149.wav,
75_0150.wav,
75_0151.wav,
75_0152.wav,
75_0153.wav,
75_0154.wav,
75_0155.wav,
75_0156.wav,
75_0157.wav,
75_0158.wav,
75_0159.wav,
75_0160.wav,
75_0161.wav,
75_0162.wav,
75_0163.wav,
75_0164.wav,
75_0165.wav,
75_0166.wav,
75_0167.wav,
75_0168.wav,
75_0169.wav,
75_0170.wav,
75_0171.wav,
75_0172.wav,
75_0173.wav,
75_0174.wav,
75_0175.wav,
75_0176.wav,
75_0177.wav,
75_0178.wav,
75_0179.wav,
75_0180.wav,
75_0181.wav,
75_0182.wav,
75_0183.wav,
75_0184.wav,
75_0185.wav,
75_0186.wav,
75_0187.wav,
75_0188.wav,
75_0189.wav,
75_0190.wav,
75_0191.wav,
75_0192.wav,
75_0193.wav,
75_0194.wav,
75_0195.wav,
75_0196.wav,
75_0197.wav,
75_0198.wav,
75_0199.wav,
75_0200.wav,
75_0201.wav,
75_0202.wav,
75_0203.wav,
75_0204.wav,
75_0205.wav,
75_0206.wav,
75_0207.wav,
75_0208.wav,
75_0209.wav,
75_0210.wav,
75_0211.wav,
76_01.wav,
76_02.wav,
76_03.wav,
76_04.wav,
76_05.wav,
76_06.wav,
76_07.wav,
76_08.wav,
76_09.wav,
76_010.wav,
76_011.wav,
76_012.wav,
76_013.wav,
76_014.wav,
76_015.wav,
76_016.wav,
76_017.wav,
76_018.wav,
76_019.wav,
76_020.wav,
76_021.wav,
76_022.wav,
76_023.wav,
76_024.wav,
76_025.wav,
76_026.wav,
76_027.wav,
76_028.wav,
76_029.wav,
76_030.wav,
76_031.wav,
76_032.wav,
76_033.wav,
76_034.wav,
76_035.wav,
77_01.wav,
77_02.wav,
77_03.wav,
77_04.wav,
77_05.wav,
77_06.wav,
77_07.wav,
77_08.wav,
77_09.wav,
77_010.wav,
77_011.wav,
77_012.wav,
77_013.wav,
77_014.wav,
77_015.wav,
77_016.wav,
77_017.wav,
77_018.wav,
77_019.wav,
77_020.wav,
77_021.wav,
77_022.wav,
77_023.wav,
77_024.wav,
77_025.wav,
77_026.wav,
77_027.wav,
77_028.wav,
77_029.wav,
77_030.wav,
77_031.wav,
77_032.wav,
77_033.wav,
77_034.wav,
77_035.wav,
77_036.wav,
77_037.wav,
77_038.wav,
77_039.wav,
77_040.wav,
77_041.wav,
77_042.wav,
77_043.wav,
77_044.wav,
77_045.wav,
77_046.wav,
77_047.wav,
77_048.wav,
77_049.wav,
77_050.wav,
77_051.wav,
77_052.wav,
77_053.wav,
77_054.wav,
77_055.wav,
77_056.wav,
77_057.wav,
77_058.wav,
77_059.wav,
77_060.wav,
77_061.wav,
77_062.wav,
77_063.wav,
77_064.wav,
77_065.wav,
77_066.wav,
77_067.wav,
77_068.wav,
77_069.wav,
77_070.wav,
77_071.wav,
77_072.wav,
77_073.wav,
77_074.wav,
77_075.wav,
77_076.wav,
77_077.wav,
77_078.wav,
77_079.wav,
77_080.wav,
77_081.wav,
77_082.wav,
77_083.wav,
77_084.wav,
77_085.wav,
77_086.wav,
77_087.wav,
77_088.wav,
77_089.wav,
77_090.wav,
77_091.wav,
77_092.wav,
77_093.wav,
77_094.wav,
77_095.wav,
77_096.wav,
77_097.wav,
77_098.wav,
77_099.wav,
77_0100.wav,
77_0101.wav,
77_0102.wav,
77_0103.wav,
77_0104.wav,
77_0105.wav,
77_0106.wav,
77_0107.wav,
77_0108.wav,
77_0109.wav,
77_0110.wav,
77_0111.wav,
77_0112.wav,
77_0113.wav,
77_0114.wav,
77_0115.wav,
77_0116.wav,
77_0117.wav,
77_0118.wav,
77_0119.wav,
77_0120.wav,
77_0121.wav,
77_0122.wav,
77_0123.wav,
78_01.wav,
78_02.wav,
78_03.wav,
78_04.wav,
78_05.wav,
78_06.wav,
78_07.wav,
78_08.wav,
78_09.wav,
78_010.wav,
78_011.wav,
78_012.wav,
78_013.wav,
78_014.wav,
78_015.wav,
78_016.wav,
78_017.wav,
78_018.wav,
79_01.wav,
79_02.wav,
79_03.wav,
79_04.wav,
79_05.wav,
79_06.wav,
79_07.wav,
79_08.wav,
79_09.wav,
79_010.wav,
79_011.wav,
79_012.wav,
79_013.wav,
79_014.wav,
79_015.wav,
79_016.wav,
79_017.wav,
79_018.wav,
79_019.wav,
79_020.wav,
79_021.wav,
79_022.wav,
79_023.wav,
79_024.wav,
79_025.wav,
79_026.wav,
79_027.wav,
79_028.wav,
79_029.wav,
79_030.wav,
79_031.wav,
79_032.wav,
79_033.wav,
79_034.wav,
79_035.wav,
79_036.wav,
79_037.wav,
79_038.wav,
79_039.wav,
79_040.wav,
79_041.wav,
79_042.wav,
79_043.wav,
79_044.wav,
79_045.wav,
79_046.wav,
79_047.wav,
79_048.wav,
79_049.wav,
79_050.wav,
79_051.wav,
79_052.wav,
79_053.wav,
79_054.wav,
79_055.wav,
79_056.wav,
79_057.wav,
79_058.wav,
79_059.wav,
79_060.wav,
79_061.wav,
79_062.wav,
79_063.wav,
79_064.wav,
79_065.wav,
79_066.wav,
79_067.wav,
79_068.wav,
79_069.wav,
79_070.wav,
79_071.wav,
79_072.wav,
79_073.wav,
79_074.wav,
79_075.wav,
79_076.wav,
79_077.wav,
79_078.wav,
79_079.wav,
79_080.wav,
79_081.wav,
79_082.wav,
79_083.wav,
79_084.wav,
79_085.wav,
79_086.wav,
79_087.wav,
79_088.wav,
79_089.wav,
79_090.wav,
79_091.wav,
79_092.wav,
79_093.wav,
79_094.wav,
79_095.wav,
79_096.wav,
79_097.wav,
79_098.wav,
79_099.wav,
79_0100.wav,
79_0101.wav,
79_0102.wav,
79_0103.wav,
79_0104.wav,
79_0105.wav,
79_0106.wav,
79_0107.wav,
79_0108.wav,
79_0109.wav,
79_0110.wav,
79_0111.wav,
79_0112.wav,
79_0113.wav,
79_0114.wav,
79_0115.wav,
79_0116.wav,
79_0117.wav,
79_0118.wav,
79_0119.wav,
79_0120.wav,
79_0121.wav,
79_0122.wav,
79_0123.wav,
79_0124.wav,
79_0125.wav,
79_0126.wav,
79_0127.wav,
79_0128.wav,
79_0129.wav,
79_0130.wav,
79_0131.wav,
79_0132.wav,
79_0133.wav,
79_0134.wav,
79_0135.wav,
79_0136.wav,
79_0137.wav,
79_0138.wav,
79_0139.wav,
79_0140.wav,
79_0141.wav,
79_0142.wav,
79_0143.wav,
79_0144.wav,
79_0145.wav,
79_0146.wav,
79_0147.wav,
79_0148.wav,
79_0149.wav,
79_0150.wav,
79_0151.wav,
79_0152.wav,
79_0153.wav,
79_0154.wav,
79_0155.wav,
79_0156.wav,
80_01.wav,
80_02.wav,
80_03.wav,
80_04.wav,
80_05.wav,
80_06.wav,
80_07.wav,
80_08.wav,
80_09.wav,
80_010.wav,
80_011.wav,
80_012.wav,
80_013.wav,
80_014.wav,
80_015.wav,
80_016.wav,
80_017.wav,
80_018.wav,
80_019.wav,
80_020.wav,
80_021.wav,
80_022.wav,
80_023.wav,
80_024.wav,
80_025.wav,
80_026.wav,
80_027.wav,
80_028.wav,
80_029.wav,
80_030.wav,
80_031.wav,
80_032.wav,
80_033.wav,
80_034.wav,
80_035.wav,
80_036.wav,
80_037.wav,
80_038.wav,
80_039.wav,
80_040.wav,
80_041.wav,
81_01.wav,
81_02.wav,
81_03.wav,
81_04.wav,
81_05.wav,
81_06.wav,
81_07.wav,
81_08.wav,
81_09.wav,
81_010.wav,
81_011.wav,
81_012.wav,
81_013.wav,
81_014.wav,
81_015.wav,
81_016.wav,
81_017.wav,
81_018.wav,
81_019.wav,
81_020.wav,
81_021.wav,
81_022.wav,
81_023.wav,
81_024.wav,
81_025.wav,
81_026.wav,
81_027.wav,
81_028.wav,
81_029.wav,
81_030.wav,
81_031.wav,
81_032.wav,
81_033.wav,
81_034.wav,
81_035.wav,
81_036.wav,
81_037.wav,
81_038.wav,
81_039.wav,
81_040.wav,
81_041.wav,
81_042.wav,
81_043.wav,
81_044.wav,
81_045.wav,
81_046.wav,
81_047.wav,
81_048.wav,
81_049.wav,
81_050.wav,
81_051.wav,
81_052.wav,
81_053.wav,
81_054.wav,
81_055.wav,
81_056.wav,
81_057.wav,
81_058.wav,
81_059.wav,
81_060.wav,
81_061.wav,
81_062.wav,
81_063.wav,
81_064.wav,
81_065.wav,
81_066.wav,
81_067.wav,
81_068.wav,
81_069.wav,
81_070.wav,
81_071.wav,
81_072.wav,
81_073.wav,
81_074.wav,
81_075.wav,
81_076.wav,
81_077.wav,
81_078.wav,
81_079.wav,
81_080.wav,
81_081.wav,
81_082.wav,
82_01.wav,
82_02.wav,
82_03.wav,
82_04.wav,
82_05.wav,
82_06.wav,
82_07.wav,
82_08.wav,
82_09.wav,
82_010.wav,
82_011.wav,
82_012.wav,
82_013.wav,
82_014.wav,
82_015.wav,
82_016.wav,
82_017.wav,
82_018.wav,
82_019.wav,
82_020.wav,
82_021.wav,
82_022.wav,
82_023.wav,
82_024.wav,
82_025.wav,
83_01.wav,
83_02.wav,
83_03.wav,
83_04.wav,
83_05.wav,
83_06.wav,
83_07.wav,
83_08.wav,
83_09.wav,
83_010.wav,
83_011.wav,
83_012.wav,
83_013.wav,
83_014.wav,
83_015.wav,
83_016.wav,
83_017.wav,
83_018.wav,
83_019.wav,
83_020.wav,
83_021.wav,
83_022.wav,
83_023.wav,
83_024.wav,
83_025.wav,
83_026.wav,
83_027.wav,
83_028.wav,
83_029.wav,
83_030.wav,
83_031.wav,
83_032.wav,
84_01.wav,
84_02.wav,
84_03.wav,
84_04.wav,
84_05.wav,
84_06.wav,
84_07.wav,
84_08.wav,
84_09.wav,
84_010.wav,
84_011.wav,
84_012.wav,
84_013.wav,
84_014.wav,
84_015.wav,
84_016.wav,
84_017.wav,
84_018.wav,
84_019.wav,
84_020.wav,
84_021.wav,
84_022.wav,
84_023.wav,
84_024.wav,
84_025.wav,
84_026.wav,
84_027.wav,
84_028.wav,
84_029.wav,
84_030.wav,
